Country,Market,Date,Product,Price Min,Price Max,Unit,Change,URL
Poland,Poland – Fresh Market quotations,30.07.2026,Apple industrial dry (collection),Buy access,,kg,0.0%,https://www.fresh-market.info/price-quotations/poland/fresh-market-quotations
Poland,Poland – Fresh Market quotations,30.07.2026,Apples Gloster 70+ (CA/collection),Buy access,,kg,0.0%,https://www.fresh-market.info/price-quotations/poland/fresh-market-quotations
Poland,Poland – Fresh Market quotations,30.07.2026,Apples Golden Delicious 70+ (CA/collection),Buy access,,kg,0.0%,https://www.fresh-market.info/price-quotations/poland/fresh-market-quotations
Poland,Poland – Fresh Market quotations,30.07.2026,Apples Idared 70+ (CA/collection),Buy access,,kg,0.0%,https://www.fresh-market.info/price-quotations/poland/fresh-market-quotations
Poland,Poland – Fresh Market quotations,30.07.2026,Apples Jonagold 70+ (CA/collection),Buy access,,kg,0.0%,https://www.fresh-market.info/price-quotations/poland/fresh-market-quotations
Poland,Poland – Fresh Market quotations,30.07.2026,Apples Jonagored 70+ (CA/collection),Buy access,,kg,0.0%,https://www.fresh-market.info/price-quotations/poland/fresh-market-quotations
Poland,Poland – Fresh Market quotations,30.07.2026,Apples Ligol 70+ (CA/collection),Buy access,,kg,0.0%,https://www.fresh-market.info/price-quotations/poland/fresh-market-quotations
Poland,Poland – Fresh Market quotations,30.07.2026,Apples Mutsu 70+ (CA/collection)v,Buy access,,kg,0.0%,https://www.fresh-market.info/price-quotations/poland/fresh-market-quotations
Poland,Poland – Fresh Market quotations,30.07.2026,Apples Red Jonaprince 70+ (CA/collection),Buy access,,kg,0.0%,https://www.fresh-market.info/price-quotations/poland/fresh-market-quotations
Poland,Poland – Fresh Market quotations,30.07.2026,Apples Szampion 70+ (CA/collection),Buy access,,kg,0.0%,https://www.fresh-market.info/price-quotations/poland/fresh-market-quotations
Poland,Poland – Fresh Market quotations,30.07.2026,Cherries (dessert),Buy access,,kg,-7.1%,https://www.fresh-market.info/price-quotations/poland/fresh-market-quotations
Poland,Poland – Fresh Market quotations,30.07.2026,Early leeks,Buy access,Poland,piece,0.0%,https://www.fresh-market.info/price-quotations/poland/fresh-market-quotations
Poland,Poland – Fresh Market quotations,30.07.2026,Highbush blueberries (sales),Buy access,,kg,+3.6%,https://www.fresh-market.info/price-quotations/poland/fresh-market-quotations
Poland,Poland – Fresh Market quotations,30.07.2026,Industrial apple (collection),Buy access,,kg,0.0%,https://www.fresh-market.info/price-quotations/poland/fresh-market-quotations
Poland,Poland – Fresh Market quotations,30.07.2026,Sour cherries (for compote),Buy access,,kg,+2.5%,https://www.fresh-market.info/price-quotations/poland/fresh-market-quotations
Poland,Poland – Fresh Market quotations,30.07.2026,Sour cherries (for freezing / purchasing),Buy access,,kg,-2.9%,https://www.fresh-market.info/price-quotations/poland/fresh-market-quotations
Poland,Poland – Fresh Market quotations,30.07.2026,Sour cherries (for pressing / purchasing),Buy access,,kg,0.0%,https://www.fresh-market.info/price-quotations/poland/fresh-market-quotations
Poland,Poland – Fresh Market quotations,30.07.2026,apple early geneva (collection),Buy access,,kg,0.0%,https://www.fresh-market.info/price-quotations/poland/fresh-market-quotations
Poland,Poland – Fresh Market quotations,30.07.2026,apple paulared 70+ (collection),Buy access,,kg,0.0%,https://www.fresh-market.info/price-quotations/poland/fresh-market-quotations
Poland,Poland – Fresh Market quotations,30.07.2026,apple piros (collection),Buy access,,kg,0.0%,https://www.fresh-market.info/price-quotations/poland/fresh-market-quotations
Poland,Poland – Fresh Market quotations,30.07.2026,apricots,Buy access,Southern Europe,kg,0.0%,https://www.fresh-market.info/price-quotations/poland/fresh-market-quotations
Poland,Poland – Fresh Market quotations,30.07.2026,bananas,Buy access,South America,kg,0.0%,https://www.fresh-market.info/price-quotations/poland/fresh-market-quotations
Poland,Poland – Fresh Market quotations,30.07.2026,beetroots early,Buy access,Poland,kg,0.0%,https://www.fresh-market.info/price-quotations/poland/fresh-market-quotations
Poland,Poland – Fresh Market quotations,30.07.2026,blueberry highbush for freezing (industrial),Buy access,,kg,+6.3%,https://www.fresh-market.info/price-quotations/poland/fresh-market-quotations
Poland,Poland – Fresh Market quotations,30.07.2026,blueberry highbush for juice (industrial),Buy access,,kg,0.0%,https://www.fresh-market.info/price-quotations/poland/fresh-market-quotations
Poland,Poland – Fresh Market quotations,30.07.2026,broccoli,Buy access,Poland,piece,0.0%,https://www.fresh-market.info/price-quotations/poland/fresh-market-quotations
Poland,Poland – Fresh Market quotations,30.07.2026,cabbage red,Buy access,Poland,kg,-4.4%,https://www.fresh-market.info/price-quotations/poland/fresh-market-quotations
Poland,Poland – Fresh Market quotations,30.07.2026,cabbage white,Buy access,Poland,kg,0.0%,https://www.fresh-market.info/price-quotations/poland/fresh-market-quotations
Poland,Poland – Fresh Market quotations,30.07.2026,cabbage white (industrial) (collection),Buy access,,kg,0.0%,https://www.fresh-market.info/price-quotations/poland/fresh-market-quotations
Poland,Poland – Fresh Market quotations,30.07.2026,cabbage white fresh-grown,Buy access,Poland,piece,0.0%,https://www.fresh-market.info/price-quotations/poland/fresh-market-quotations
Poland,Poland – Fresh Market quotations,30.07.2026,cabbage white fresh-grown,Buy access,Poland,kg,0.0%,https://www.fresh-market.info/price-quotations/poland/fresh-market-quotations
Poland,Poland – Fresh Market quotations,30.07.2026,carrots young,Buy access,Poland,kg,0.0%,https://www.fresh-market.info/price-quotations/poland/fresh-market-quotations
Poland,Poland – Fresh Market quotations,30.07.2026,cauliflower,Buy access,Poland,piece,-11.1%,https://www.fresh-market.info/price-quotations/poland/fresh-market-quotations
Poland,Poland – Fresh Market quotations,30.07.2026,celery,Buy access,Poland,kg,-16.7%,https://www.fresh-market.info/price-quotations/poland/fresh-market-quotations
Poland,Poland – Fresh Market quotations,30.07.2026,celery - early,Buy access,Poland,piece,0.0%,https://www.fresh-market.info/price-quotations/poland/fresh-market-quotations
Poland,Poland – Fresh Market quotations,30.07.2026,chinese cabbage,Buy access,Poland,kg,0.0%,https://www.fresh-market.info/price-quotations/poland/fresh-market-quotations
Poland,Poland – Fresh Market quotations,30.07.2026,cucumbers - fresh short,Buy access,Poland,kg,-10.0%,https://www.fresh-market.info/price-quotations/poland/fresh-market-quotations
Poland,Poland – Fresh Market quotations,30.07.2026,eggplant,Buy access,Poland,kg,0.0%,https://www.fresh-market.info/price-quotations/poland/fresh-market-quotations
Poland,Poland – Fresh Market quotations,30.07.2026,grapefruits,Buy access,Spain / South Africa / Turkey,kg,0.0%,https://www.fresh-market.info/price-quotations/poland/fresh-market-quotations
Poland,Poland – Fresh Market quotations,30.07.2026,grapes dark,Buy access,Chile/ Peru/South Africa/Italy,kg,0.0%,https://www.fresh-market.info/price-quotations/poland/fresh-market-quotations
Poland,Poland – Fresh Market quotations,30.07.2026,grapes light,Buy access,Italy/South Africa/Chile,kg,0.0%,https://www.fresh-market.info/price-quotations/poland/fresh-market-quotations
Poland,Poland – Fresh Market quotations,30.07.2026,kiwi,Buy access,Greece/Italy/Chile,kg,0.0%,https://www.fresh-market.info/price-quotations/poland/fresh-market-quotations
Poland,Poland – Fresh Market quotations,30.07.2026,leek,Buy access,Poland,kg,0.0%,https://www.fresh-market.info/price-quotations/poland/fresh-market-quotations
Poland,Poland – Fresh Market quotations,30.07.2026,lemon,Buy access,Spain / Turkey,kg,0.0%,https://www.fresh-market.info/price-quotations/poland/fresh-market-quotations
Poland,Poland – Fresh Market quotations,30.07.2026,lemon,Buy access,Argentina/South Africa,kg,0.0%,https://www.fresh-market.info/price-quotations/poland/fresh-market-quotations
Poland,Poland – Fresh Market quotations,30.07.2026,lettuce butterhead,Buy access,Poland,piece,0.0%,https://www.fresh-market.info/price-quotations/poland/fresh-market-quotations
Poland,Poland – Fresh Market quotations,30.07.2026,lettuce corrugated,Buy access,Poland,piece,0.0%,https://www.fresh-market.info/price-quotations/poland/fresh-market-quotations
Poland,Poland – Fresh Market quotations,30.07.2026,lettuce iceberg,Buy access,Poland,piece,0.0%,https://www.fresh-market.info/price-quotations/poland/fresh-market-quotations
Poland,Poland – Fresh Market quotations,30.07.2026,mandarins,Buy access,Spain/Italy/South Africa,kg,0.0%,https://www.fresh-market.info/price-quotations/poland/fresh-market-quotations
Poland,Poland – Fresh Market quotations,30.07.2026,nectarines,Buy access,Southern Europe,kg,0.0%,https://www.fresh-market.info/price-quotations/poland/fresh-market-quotations
Poland,Poland – Fresh Market quotations,30.07.2026,onion,Buy access,Poland,kg,0.0%,https://www.fresh-market.info/price-quotations/poland/fresh-market-quotations
Poland,Poland – Fresh Market quotations,30.07.2026,onion for peeling,Buy access,,kg,0.0%,https://www.fresh-market.info/price-quotations/poland/fresh-market-quotations
Poland,Poland – Fresh Market quotations,30.07.2026,onion peeled,Buy access,,kg,0.0%,https://www.fresh-market.info/price-quotations/poland/fresh-market-quotations
Poland,Poland – Fresh Market quotations,30.07.2026,oranges,Buy access,Spain/Egypt/South Africa,kg,0.0%,https://www.fresh-market.info/price-quotations/poland/fresh-market-quotations
Poland,Poland – Fresh Market quotations,30.07.2026,parsley,Buy access,Poland,kg,0.0%,https://www.fresh-market.info/price-quotations/poland/fresh-market-quotations
Poland,Poland – Fresh Market quotations,30.07.2026,peach,Buy access,Southern Europe,kg,0.0%,https://www.fresh-market.info/price-quotations/poland/fresh-market-quotations
Poland,Poland – Fresh Market quotations,30.07.2026,pears Conference (collection),Buy access,,kg,0.0%,https://www.fresh-market.info/price-quotations/poland/fresh-market-quotations
Poland,Poland – Fresh Market quotations,30.07.2026,pears Konferencja,Buy access,Belgium / Netherlands,kg,0.0%,https://www.fresh-market.info/price-quotations/poland/fresh-market-quotations
Poland,Poland – Fresh Market quotations,30.07.2026,pepper green,Buy access,Poland,kg,-11.1%,https://www.fresh-market.info/price-quotations/poland/fresh-market-quotations
Poland,Poland – Fresh Market quotations,30.07.2026,pepper red,Buy access,Poland,kg,-4.2%,https://www.fresh-market.info/price-quotations/poland/fresh-market-quotations
Poland,Poland – Fresh Market quotations,30.07.2026,pepper white,Buy access,Poland,kg,-4.8%,https://www.fresh-market.info/price-quotations/poland/fresh-market-quotations
Poland,Poland – Fresh Market quotations,30.07.2026,plum (węgierka),Buy access,,kg,-8.3%,https://www.fresh-market.info/price-quotations/poland/fresh-market-quotations
Poland,Poland – Fresh Market quotations,30.07.2026,plums (rana/lepotica),Buy access,,kg,-14.3%,https://www.fresh-market.info/price-quotations/poland/fresh-market-quotations
Poland,Poland – Fresh Market quotations,30.07.2026,potatoes early,Buy access,Poland,kg,0.0%,https://www.fresh-market.info/price-quotations/poland/fresh-market-quotations
Poland,Poland – Fresh Market quotations,30.07.2026,potatoes early irga,Buy access,Poland,kg,-2.8%,https://www.fresh-market.info/price-quotations/poland/fresh-market-quotations
Poland,Poland – Fresh Market quotations,30.07.2026,raspberries (dessert),Buy access,,kg,+10.0%,https://www.fresh-market.info/price-quotations/poland/fresh-market-quotations
Poland,Poland – Fresh Market quotations,30.07.2026,raspberries (freezing/collection),Buy access,,kg,0.0%,https://www.fresh-market.info/price-quotations/poland/fresh-market-quotations
Poland,Poland – Fresh Market quotations,30.07.2026,raspberries (industrial/collection),Buy access,,kg,0.0%,https://www.fresh-market.info/price-quotations/poland/fresh-market-quotations
Poland,Poland – Fresh Market quotations,30.07.2026,red onion,Buy access,Poland,kg,-4.2%,https://www.fresh-market.info/price-quotations/poland/fresh-market-quotations
Poland,Poland – Fresh Market quotations,30.07.2026,savoy cabbage,Buy access,Poland,kg,0.0%,https://www.fresh-market.info/price-quotations/poland/fresh-market-quotations
Poland,Poland – Fresh Market quotations,30.07.2026,strawberries (tłoczenie/skup),Buy access,,kg,0.0%,https://www.fresh-market.info/price-quotations/poland/fresh-market-quotations
Poland,Poland – Fresh Market quotations,30.07.2026,string beans,Buy access,Poland,kg,0.0%,https://www.fresh-market.info/price-quotations/poland/fresh-market-quotations
Poland,Poland – Fresh Market quotations,30.07.2026,sweet cherry,Buy access,Poland,kg,-4.2%,https://www.fresh-market.info/price-quotations/poland/fresh-market-quotations
Poland,Poland – Fresh Market quotations,30.07.2026,tomato a,Buy access,Poland,kg,0.0%,https://www.fresh-market.info/price-quotations/poland/fresh-market-quotations
Poland,Poland – Fresh Market quotations,30.07.2026,tomato b,Buy access,Poland,kg,0.0%,https://www.fresh-market.info/price-quotations/poland/fresh-market-quotations
Poland,Poland – Fresh Market quotations,30.07.2026,tomato bb,Buy access,Poland,kg,0.0%,https://www.fresh-market.info/price-quotations/poland/fresh-market-quotations
Poland,Poland – Fresh Market quotations,30.07.2026,tomato bbb,Buy access,Poland,kg,0.0%,https://www.fresh-market.info/price-quotations/poland/fresh-market-quotations
Poland,Poland – Fresh Market quotations,30.07.2026,watermelons,Buy access,Southern Europe/South America,kg,+3.9%,https://www.fresh-market.info/price-quotations/poland/fresh-market-quotations
Poland,Poland – Fresh Market quotations,30.07.2026,zucchini,Buy access,Poland,kg,+4.7%,https://www.fresh-market.info/price-quotations/poland/fresh-market-quotations
Poland,Warsaw (Bronisze),30.07.2026,apple Antonovka,0.84 €,1.19 €,kg,+84.0%,https://www.fresh-market.info/price-quotations/poland/bronisze-warsaw
Poland,Warsaw (Bronisze),30.07.2026,apple Cortland,0.63 €,1.05 €,kg,0.0%,https://www.fresh-market.info/price-quotations/poland/bronisze-warsaw
Poland,Warsaw (Bronisze),30.07.2026,apple Gala,0.52 €,0.73 €,kg,0.0%,https://www.fresh-market.info/price-quotations/poland/bronisze-warsaw
Poland,Warsaw (Bronisze),30.07.2026,apple Golden delicius,0.52 €,0.79 €,kg,0.0%,https://www.fresh-market.info/price-quotations/poland/bronisze-warsaw
Poland,Warsaw (Bronisze),30.07.2026,apple Ligol,0.47 €,0.63 €,kg,0.0%,https://www.fresh-market.info/price-quotations/poland/bronisze-warsaw
Poland,Warsaw (Bronisze),30.07.2026,apple Lobo,0.6 €,0.84 €,kg,0.0%,https://www.fresh-market.info/price-quotations/poland/bronisze-warsaw
Poland,Warsaw (Bronisze),30.07.2026,apple early geneva,0.63 €,1.15 €,kg,0.0%,https://www.fresh-market.info/price-quotations/poland/bronisze-warsaw
Poland,Warsaw (Bronisze),30.07.2026,apple empire,0.52 €,0.84 €,kg,0.0%,https://www.fresh-market.info/price-quotations/poland/bronisze-warsaw
Poland,Warsaw (Bronisze),30.07.2026,apple grey reinette,0.68 €,0.84 €,kg,0.0%,https://www.fresh-market.info/price-quotations/poland/bronisze-warsaw
Poland,Warsaw (Bronisze),30.07.2026,apple jonagored,0.42 €,0.73 €,kg,0.0%,https://www.fresh-market.info/price-quotations/poland/bronisze-warsaw
Poland,Warsaw (Bronisze),30.07.2026,apple papierówka,0.63 €,1.05 €,kg,0.0%,https://www.fresh-market.info/price-quotations/poland/bronisze-warsaw
Poland,Warsaw (Bronisze),30.07.2026,apple paula red,0.84 €,1.19 €,kg,+38.0%,https://www.fresh-market.info/price-quotations/poland/bronisze-warsaw
Poland,Warsaw (Bronisze),30.07.2026,apple piros,0.63 €,1.19 €,kg,+8.3%,https://www.fresh-market.info/price-quotations/poland/bronisze-warsaw
Poland,Warsaw (Bronisze),30.07.2026,apple rubinstar,0.42 €,0.73 €,kg,0.0%,https://www.fresh-market.info/price-quotations/poland/bronisze-warsaw
Poland,Warsaw (Bronisze),30.07.2026,apple šampion,0.42 €,0.73 €,kg,0.0%,https://www.fresh-market.info/price-quotations/poland/bronisze-warsaw
Poland,Warsaw (Bronisze),30.07.2026,apricots,1.26 €,2.3 €,kg,0.0%,https://www.fresh-market.info/price-quotations/poland/bronisze-warsaw
Poland,Warsaw (Bronisze),30.07.2026,aubergines,1.05 €,1.47 €,kg,0.0%,https://www.fresh-market.info/price-quotations/poland/bronisze-warsaw
Poland,Warsaw (Bronisze),30.07.2026,avocado import,0.63 €,1.26 €,piece,0.0%,https://www.fresh-market.info/price-quotations/poland/bronisze-warsaw
Poland,Warsaw (Bronisze),30.07.2026,bananas import,0.88 €,1.29 €,kg,0.0%,https://www.fresh-market.info/price-quotations/poland/bronisze-warsaw
Poland,Warsaw (Bronisze),30.07.2026,beet greens,0.42 €,0.73 €,bunch,0.0%,https://www.fresh-market.info/price-quotations/poland/bronisze-warsaw
Poland,Warsaw (Bronisze),30.07.2026,beetroot,0.19 €,0.27 €,kg,0.0%,https://www.fresh-market.info/price-quotations/poland/bronisze-warsaw
Poland,Warsaw (Bronisze),30.07.2026,beetroots table early,0.31 €,0.42 €,bunch,0.0%,https://www.fresh-market.info/price-quotations/poland/bronisze-warsaw
Poland,Warsaw (Bronisze),30.07.2026,bilberry wild,7.33 €,7.96 €,kg,0.0%,https://www.fresh-market.info/price-quotations/poland/bronisze-warsaw
Poland,Warsaw (Bronisze),30.07.2026,blueberries American,2.09 €,4.19 €,kg,0.0%,https://www.fresh-market.info/price-quotations/poland/bronisze-warsaw
Poland,Warsaw (Bronisze),30.07.2026,broad bean,2.93 €,3.35 €,kg,0.0%,https://www.fresh-market.info/price-quotations/poland/bronisze-warsaw
Poland,Warsaw (Bronisze),30.07.2026,broccoli,0.84 €,1.05 €,piece,-5.3%,https://www.fresh-market.info/price-quotations/poland/bronisze-warsaw
Poland,Warsaw (Bronisze),30.07.2026,cabbage red,0.21 €,0.27 €,kg,0.0%,https://www.fresh-market.info/price-quotations/poland/bronisze-warsaw
Poland,Warsaw (Bronisze),30.07.2026,cabbage white,0.2 €,0.27 €,kg,0.0%,https://www.fresh-market.info/price-quotations/poland/bronisze-warsaw
Poland,Warsaw (Bronisze),30.07.2026,cabbage white young,0.63 €,0.73 €,piece,0.0%,https://www.fresh-market.info/price-quotations/poland/bronisze-warsaw
Poland,Warsaw (Bronisze),30.07.2026,carrots,0.27 €,0.42 €,kg,0.0%,https://www.fresh-market.info/price-quotations/poland/bronisze-warsaw
Poland,Warsaw (Bronisze),30.07.2026,carrots with greens,0.63 €,0.84 €,bunch,0.0%,https://www.fresh-market.info/price-quotations/poland/bronisze-warsaw
Poland,Warsaw (Bronisze),30.07.2026,cauliflower,0.73 €,0.94 €,piece,-11.1%,https://www.fresh-market.info/price-quotations/poland/bronisze-warsaw
Poland,Warsaw (Bronisze),30.07.2026,celeriac,0.63 €,0.73 €,kg,0.0%,https://www.fresh-market.info/price-quotations/poland/bronisze-warsaw
Poland,Warsaw (Bronisze),30.07.2026,celeriac early,0.63 €,0.84 €,piece,0.0%,https://www.fresh-market.info/price-quotations/poland/bronisze-warsaw
Poland,Warsaw (Bronisze),30.07.2026,cherries,1.26 €,1.47 €,kg,-7.1%,https://www.fresh-market.info/price-quotations/poland/bronisze-warsaw
Poland,Warsaw (Bronisze),30.07.2026,chinese cabbage,0.79 €,0.89 €,kg,0.0%,https://www.fresh-market.info/price-quotations/poland/bronisze-warsaw
Poland,Warsaw (Bronisze),30.07.2026,chives,0.37 €,0.42 €,bunch,0.0%,https://www.fresh-market.info/price-quotations/poland/bronisze-warsaw
Poland,Warsaw (Bronisze),30.07.2026,courgette,0.63 €,0.84 €,kg,0.0%,https://www.fresh-market.info/price-quotations/poland/bronisze-warsaw
Poland,Warsaw (Bronisze),30.07.2026,cucumbers field-grown,0.42 €,1.26 €,kg,-11.1%,https://www.fresh-market.info/price-quotations/poland/bronisze-warsaw
Poland,Warsaw (Bronisze),30.07.2026,cucumbers glasshouse short,0.94 €,1.15 €,kg,-9.1%,https://www.fresh-market.info/price-quotations/poland/bronisze-warsaw
Poland,Warsaw (Bronisze),30.07.2026,cucumbers in brine,2.3 €,2.51 €,kg,0.0%,https://www.fresh-market.info/price-quotations/poland/bronisze-warsaw
Poland,Warsaw (Bronisze),30.07.2026,cucurbit,1.05 €,1.26 €,kg,0.0%,https://www.fresh-market.info/price-quotations/poland/bronisze-warsaw
Poland,Warsaw (Bronisze),30.07.2026,currant black,3.14 €,5.24 €,kg,-16.7%,https://www.fresh-market.info/price-quotations/poland/bronisze-warsaw
Poland,Warsaw (Bronisze),30.07.2026,currants red,2.09 €,3.14 €,kg,0.0%,https://www.fresh-market.info/price-quotations/poland/bronisze-warsaw
Poland,Warsaw (Bronisze),30.07.2026,dill,0.46 €,0.56 €,bunch,0.0%,https://www.fresh-market.info/price-quotations/poland/bronisze-warsaw
Poland,Warsaw (Bronisze),30.07.2026,flowers carnations,0.42 €,0.42 €,piece,0.0%,https://www.fresh-market.info/price-quotations/poland/bronisze-warsaw
Poland,Warsaw (Bronisze),30.07.2026,flowers freesias,0.17 €,0.5 €,piece,0.0%,https://www.fresh-market.info/price-quotations/poland/bronisze-warsaw
Poland,Warsaw (Bronisze),30.07.2026,flowers gladioli,0.52 €,1.05 €,piece,0.0%,https://www.fresh-market.info/price-quotations/poland/bronisze-warsaw
Poland,Warsaw (Bronisze),30.07.2026,flowers gypsophila,4.19 €,27.23 €,bunch,0.0%,https://www.fresh-market.info/price-quotations/poland/bronisze-warsaw
Poland,Warsaw (Bronisze),30.07.2026,flowers lilies,1.26 €,2.72 €,piece,0.0%,https://www.fresh-market.info/price-quotations/poland/bronisze-warsaw
Poland,Warsaw (Bronisze),30.07.2026,flowers lisianthus,0.63 €,1.47 €,piece,0.0%,https://www.fresh-market.info/price-quotations/poland/bronisze-warsaw
Poland,Warsaw (Bronisze),30.07.2026,flowers peonies,0.42 €,1.68 €,piece,0.0%,https://www.fresh-market.info/price-quotations/poland/bronisze-warsaw
Poland,Warsaw (Bronisze),30.07.2026,flowers roses,0.84 €,2.51 €,piece,0.0%,https://www.fresh-market.info/price-quotations/poland/bronisze-warsaw
Poland,Warsaw (Bronisze),30.07.2026,flowers stocks,0.63 €,0.84 €,piece,0.0%,https://www.fresh-market.info/price-quotations/poland/bronisze-warsaw
Poland,Warsaw (Bronisze),30.07.2026,garlic,0.31 €,0.52 €,piece,0.0%,https://www.fresh-market.info/price-quotations/poland/bronisze-warsaw
Poland,Warsaw (Bronisze),30.07.2026,glasshouse tomatoes,0.89 €,1.05 €,kg,0.0%,https://www.fresh-market.info/price-quotations/poland/bronisze-warsaw
Poland,Warsaw (Bronisze),30.07.2026,gooseberry,3.14 €,5.24 €,kg,0.0%,https://www.fresh-market.info/price-quotations/poland/bronisze-warsaw
Poland,Warsaw (Bronisze),30.07.2026,grapefruits import,1.05 €,5.45 €,kg,0.0%,https://www.fresh-market.info/price-quotations/poland/bronisze-warsaw
Poland,Warsaw (Bronisze),30.07.2026,grapes dark import,1.68 €,4.19 €,kg,0.0%,https://www.fresh-market.info/price-quotations/poland/bronisze-warsaw
Poland,Warsaw (Bronisze),30.07.2026,grapes white import,1.68 €,4.19 €,kg,0.0%,https://www.fresh-market.info/price-quotations/poland/bronisze-warsaw
Poland,Warsaw (Bronisze),30.07.2026,greens,0.29 €,0.42 €,bunch,0.0%,https://www.fresh-market.info/price-quotations/poland/bronisze-warsaw
Poland,Warsaw (Bronisze),30.07.2026,hazelnuts,2.93 €,3.56 €,kg,0.0%,https://www.fresh-market.info/price-quotations/poland/bronisze-warsaw
Poland,Warsaw (Bronisze),30.07.2026,horseradish,2.93 €,3.35 €,kg,0.0%,https://www.fresh-market.info/price-quotations/poland/bronisze-warsaw
Poland,Warsaw (Bronisze),30.07.2026,kiwi import,2.09 €,3.98 €,kg,0.0%,https://www.fresh-market.info/price-quotations/poland/bronisze-warsaw
Poland,Warsaw (Bronisze),30.07.2026,kohlrabi,0.42 €,0.63 €,piece,0.0%,https://www.fresh-market.info/price-quotations/poland/bronisze-warsaw
Poland,Warsaw (Bronisze),30.07.2026,leeks,0.84 €,1.05 €,kg,0.0%,https://www.fresh-market.info/price-quotations/poland/bronisze-warsaw
Poland,Warsaw (Bronisze),30.07.2026,leeks early,0.47 €,0.63 €,piece,0.0%,https://www.fresh-market.info/price-quotations/poland/bronisze-warsaw
Poland,Warsaw (Bronisze),30.07.2026,lemons import,1.05 €,1.47 €,kg,0.0%,https://www.fresh-market.info/price-quotations/poland/bronisze-warsaw
Poland,Warsaw (Bronisze),30.07.2026,lettuce butterhead,0.47 €,0.84 €,piece,0.0%,https://www.fresh-market.info/price-quotations/poland/bronisze-warsaw
Poland,Warsaw (Bronisze),30.07.2026,lettuce corrugated,0.63 €,0.84 €,piece,0.0%,https://www.fresh-market.info/price-quotations/poland/bronisze-warsaw
Poland,Warsaw (Bronisze),30.07.2026,lettuce iceberg,0.94 €,1.26 €,piece,0.0%,https://www.fresh-market.info/price-quotations/poland/bronisze-warsaw
Poland,Warsaw (Bronisze),30.07.2026,lettuce mix import,5.03 €,5.86 €,kg,0.0%,https://www.fresh-market.info/price-quotations/poland/bronisze-warsaw
Poland,Warsaw (Bronisze),30.07.2026,low-salt cucumbers,3.14 €,3.77 €,kg,0.0%,https://www.fresh-market.info/price-quotations/poland/bronisze-warsaw
Poland,Warsaw (Bronisze),30.07.2026,mandarins import,1.05 €,3.14 €,kg,0.0%,https://www.fresh-market.info/price-quotations/poland/bronisze-warsaw
Poland,Warsaw (Bronisze),30.07.2026,mangoes import,1.68 €,2.51 €,piece,0.0%,https://www.fresh-market.info/price-quotations/poland/bronisze-warsaw
Poland,Warsaw (Bronisze),30.07.2026,melons import,1.68 €,2.51 €,piece,0.0%,https://www.fresh-market.info/price-quotations/poland/bronisze-warsaw
Poland,Warsaw (Bronisze),30.07.2026,mint,1.47 €,2.51 €,pot,0.0%,https://www.fresh-market.info/price-quotations/poland/bronisze-warsaw
Poland,Warsaw (Bronisze),30.07.2026,mushrooms,1.88 €,2.51 €,kg,0.0%,https://www.fresh-market.info/price-quotations/poland/bronisze-warsaw
Poland,Warsaw (Bronisze),30.07.2026,nectarines import,1.26 €,1.88 €,kg,0.0%,https://www.fresh-market.info/price-quotations/poland/bronisze-warsaw
Poland,Warsaw (Bronisze),30.07.2026,onion white,0.25 €,0.39 €,kg,0.0%,https://www.fresh-market.info/price-quotations/poland/bronisze-warsaw
Poland,Warsaw (Bronisze),30.07.2026,onion white sugar i garlic,0.84 €,1.47 €,kg,0.0%,https://www.fresh-market.info/price-quotations/poland/bronisze-warsaw
Poland,Warsaw (Bronisze),30.07.2026,onion white young,0.73 €,1.05 €,kg,0.0%,https://www.fresh-market.info/price-quotations/poland/bronisze-warsaw
Poland,Warsaw (Bronisze),30.07.2026,oranges import,0.52 €,2.93 €,kg,0.0%,https://www.fresh-market.info/price-quotations/poland/bronisze-warsaw
Poland,Warsaw (Bronisze),30.07.2026,oyster mushrooms,2.83 €,4.19 €,kg,0.0%,https://www.fresh-market.info/price-quotations/poland/bronisze-warsaw
Poland,Warsaw (Bronisze),30.07.2026,parsley,0.73 €,1.26 €,kg,0.0%,https://www.fresh-market.info/price-quotations/poland/bronisze-warsaw
Poland,Warsaw (Bronisze),30.07.2026,parsley young,0.84 €,1.26 €,bunch,0.0%,https://www.fresh-market.info/price-quotations/poland/bronisze-warsaw
Poland,Warsaw (Bronisze),30.07.2026,peach,1.26 €,1.88 €,kg,0.0%,https://www.fresh-market.info/price-quotations/poland/bronisze-warsaw
Poland,Warsaw (Bronisze),30.07.2026,pears Konferencja,1.05 €,1.36 €,kg,0.0%,https://www.fresh-market.info/price-quotations/poland/bronisze-warsaw
Poland,Warsaw (Bronisze),30.07.2026,pears import,1.47 €,1.52 €,kg,0.0%,https://www.fresh-market.info/price-quotations/poland/bronisze-warsaw
Poland,Warsaw (Bronisze),30.07.2026,pepper green,0.84 €,1.05 €,kg,-5.3%,https://www.fresh-market.info/price-quotations/poland/bronisze-warsaw
Poland,Warsaw (Bronisze),30.07.2026,pepper red and yellow,1.26 €,1.88 €,kg,+7.1%,https://www.fresh-market.info/price-quotations/poland/bronisze-warsaw
Poland,Warsaw (Bronisze),30.07.2026,pineapple decorative import,1.05 €,1.88 €,piece,0.0%,https://www.fresh-market.info/price-quotations/poland/bronisze-warsaw
Poland,Warsaw (Bronisze),30.07.2026,pineapple honey import,1.88 €,9.42 €,piece,0.0%,https://www.fresh-market.info/price-quotations/poland/bronisze-warsaw
Poland,Warsaw (Bronisze),30.07.2026,plums,0.42 €,0.84 €,kg,-4.0%,https://www.fresh-market.info/price-quotations/poland/bronisze-warsaw
Poland,Warsaw (Bronisze),30.07.2026,plums variety large-fruited,1.05 €,1.47 €,kg,0.0%,https://www.fresh-market.info/price-quotations/poland/bronisze-warsaw
Poland,Warsaw (Bronisze),30.07.2026,plums variety typu damson,0.46 €,0.73 €,kg,-5.0%,https://www.fresh-market.info/price-quotations/poland/bronisze-warsaw
Poland,Warsaw (Bronisze),30.07.2026,potatoes,0.14 €,0.23 €,kg,0.0%,https://www.fresh-market.info/price-quotations/poland/bronisze-warsaw
Poland,Warsaw (Bronisze),30.07.2026,potatoes IRGA,0.23 €,0.35 €,kg,0.0%,https://www.fresh-market.info/price-quotations/poland/bronisze-warsaw
Poland,Warsaw (Bronisze),30.07.2026,radish,0.42 €,0.58 €,bunch,0.0%,https://www.fresh-market.info/price-quotations/poland/bronisze-warsaw
Poland,Warsaw (Bronisze),30.07.2026,raspberries,7.33 €,10.47 €,kg,+6.3%,https://www.fresh-market.info/price-quotations/poland/bronisze-warsaw
Poland,Warsaw (Bronisze),30.07.2026,red onion,0.42 €,1.05 €,kg,0.0%,https://www.fresh-market.info/price-quotations/poland/bronisze-warsaw
Poland,Warsaw (Bronisze),30.07.2026,rhubarb,1.05 €,1.47 €,kg,-20.0%,https://www.fresh-market.info/price-quotations/poland/bronisze-warsaw
Poland,Warsaw (Bronisze),30.07.2026,ribbed celery imports,0.73 €,0.94 €,piece,0.0%,https://www.fresh-market.info/price-quotations/poland/bronisze-warsaw
Poland,Warsaw (Bronisze),30.07.2026,sauerkraut,0.84 €,1.15 €,kg,0.0%,https://www.fresh-market.info/price-quotations/poland/bronisze-warsaw
Poland,Warsaw (Bronisze),30.07.2026,savoy cabbage,0.63 €,0.84 €,kg,0.0%,https://www.fresh-market.info/price-quotations/poland/bronisze-warsaw
Poland,Warsaw (Bronisze),30.07.2026,spinach,1.88 €,2.3 €,kg,0.0%,https://www.fresh-market.info/price-quotations/poland/bronisze-warsaw
Poland,Warsaw (Bronisze),30.07.2026,spinach baby import,0.84 €,1.15 €,piece,0.0%,https://www.fresh-market.info/price-quotations/poland/bronisze-warsaw
Poland,Warsaw (Bronisze),30.07.2026,spring onion,0.31 €,0.42 €,bunch,0.0%,https://www.fresh-market.info/price-quotations/poland/bronisze-warsaw
Poland,Warsaw (Bronisze),30.07.2026,strawberries,3.56 €,6.28 €,kg,0.0%,https://www.fresh-market.info/price-quotations/poland/bronisze-warsaw
Poland,Warsaw (Bronisze),30.07.2026,string beans,2.3 €,2.93 €,kg,0.0%,https://www.fresh-market.info/price-quotations/poland/bronisze-warsaw
Poland,Warsaw (Bronisze),30.07.2026,sweet cherry,2.09 €,4.82 €,kg,-5.7%,https://www.fresh-market.info/price-quotations/poland/bronisze-warsaw
Poland,Warsaw (Bronisze),30.07.2026,sweet potato import,1.26 €,1.47 €,kg,0.0%,https://www.fresh-market.info/price-quotations/poland/bronisze-warsaw
Poland,Warsaw (Bronisze),30.07.2026,tomato cocktail import,3.56 €,3.98 €,kg,0.0%,https://www.fresh-market.info/price-quotations/poland/bronisze-warsaw
Poland,Warsaw (Bronisze),30.07.2026,tomatoes field,0.84 €,1.26 €,kg,0.0%,https://www.fresh-market.info/price-quotations/poland/bronisze-warsaw
Poland,Warsaw (Bronisze),30.07.2026,tomatoes rose,0.99 €,1.57 €,kg,0.0%,https://www.fresh-market.info/price-quotations/poland/bronisze-warsaw
Poland,Warsaw (Bronisze),30.07.2026,vegetables,1.26 €,1.68 €,piece,0.0%,https://www.fresh-market.info/price-quotations/poland/bronisze-warsaw
Poland,Warsaw (Bronisze),30.07.2026,vegetables early,1.26 €,1.68 €,piece,0.0%,https://www.fresh-market.info/price-quotations/poland/bronisze-warsaw
Poland,Warsaw (Bronisze),30.07.2026,walnuts,1.68 €,5.86 €,kg,0.0%,https://www.fresh-market.info/price-quotations/poland/bronisze-warsaw
Poland,Warsaw (Bronisze),30.07.2026,watermelons import,0.42 €,0.88 €,kg,+8.8%,https://www.fresh-market.info/price-quotations/poland/bronisze-warsaw
Poland,Bialystok (PCRT),28.07.2026,Chickpeas Grain,1.84 €,2.68 €,kg,0.0%,https://www.fresh-market.info/price-quotations/poland/bialystok-pcrt
Poland,Bialystok (PCRT),28.07.2026,apple,0.8 €,0.77 €,kg,0.0%,https://www.fresh-market.info/price-quotations/poland/bialystok-pcrt
Poland,Bialystok (PCRT),28.07.2026,asparagus,4.82 €,3.14 €,op,-5.0%,https://www.fresh-market.info/price-quotations/poland/bialystok-pcrt
Poland,Bialystok (PCRT),28.07.2026,avocado,1.51 €,1.36 €,psc,0.0%,https://www.fresh-market.info/price-quotations/poland/bialystok-pcrt
Poland,Bialystok (PCRT),28.07.2026,bananas,1.13 €,1.17 €,kg,0.0%,https://www.fresh-market.info/price-quotations/poland/bialystok-pcrt
Poland,Bialystok (PCRT),28.07.2026,beans small,2.09 €,2.3 €,kg,0.0%,https://www.fresh-market.info/price-quotations/poland/bialystok-pcrt
Poland,Bialystok (PCRT),28.07.2026,been large jaś,2.93 €,3.35 €,kg,0.0%,https://www.fresh-market.info/price-quotations/poland/bialystok-pcrt
Poland,Bialystok (PCRT),28.07.2026,been medium jaś,1.47 €,1.47 €,kg,0.0%,https://www.fresh-market.info/price-quotations/poland/bialystok-pcrt
Poland,Bialystok (PCRT),28.07.2026,been red,1.84 €,2.05 €,kg,0.0%,https://www.fresh-market.info/price-quotations/poland/bialystok-pcrt
Poland,Bialystok (PCRT),28.07.2026,beet,0.36 €,0.36 €,kg,0.0%,https://www.fresh-market.info/price-quotations/poland/bialystok-pcrt
Poland,Bialystok (PCRT),28.07.2026,bilberry,5.65 €,5.65 €,kg,0.0%,https://www.fresh-market.info/price-quotations/poland/bialystok-pcrt
Poland,Bialystok (PCRT),28.07.2026,black turnip,0.63 €,0.8 €,kg,0.0%,https://www.fresh-market.info/price-quotations/poland/bialystok-pcrt
Poland,Bialystok (PCRT),28.07.2026,blueberry,14.66 €,14.66 €,kg,+33.3%,https://www.fresh-market.info/price-quotations/poland/bialystok-pcrt
Poland,Bialystok (PCRT),28.07.2026,broccoli,1.26 €,1.21 €,psc,0.0%,https://www.fresh-market.info/price-quotations/poland/bialystok-pcrt
Poland,Bialystok (PCRT),28.07.2026,cabbage red,0.59 €,0.42 €,kg,0.0%,https://www.fresh-market.info/price-quotations/poland/bialystok-pcrt
Poland,Bialystok (PCRT),28.07.2026,carrots pl,0.4 €,0.54 €,kg,-4.3%,https://www.fresh-market.info/price-quotations/poland/bialystok-pcrt
Poland,Bialystok (PCRT),28.07.2026,cauliflower,1.26 €,1.36 €,psc,0.0%,https://www.fresh-market.info/price-quotations/poland/bialystok-pcrt
Poland,Bialystok (PCRT),28.07.2026,celery,0.8 €,0.8 €,kg,-2.6%,https://www.fresh-market.info/price-quotations/poland/bialystok-pcrt
Poland,Bialystok (PCRT),28.07.2026,cherries,1.68 €,1.68 €,kg,-5.9%,https://www.fresh-market.info/price-quotations/poland/bialystok-pcrt
Poland,Bialystok (PCRT),28.07.2026,chicory,2.05 €,2.05 €,"0,50 kg",0.0%,https://www.fresh-market.info/price-quotations/poland/bialystok-pcrt
Poland,Bialystok (PCRT),28.07.2026,chinese cabbage,1.76 €,1.05 €,kg,0.0%,https://www.fresh-market.info/price-quotations/poland/bialystok-pcrt
Poland,Bialystok (PCRT),28.07.2026,chives,0.34 €,0.38 €,psc,0.0%,https://www.fresh-market.info/price-quotations/poland/bialystok-pcrt
Poland,Bialystok (PCRT),28.07.2026,corn sugar,0.73 €,0.73 €,psc,0.0%,https://www.fresh-market.info/price-quotations/poland/bialystok-pcrt
Poland,Bialystok (PCRT),28.07.2026,cucumber glasshouse,1.38 €,1.84 €,kg,0.0%,https://www.fresh-market.info/price-quotations/poland/bialystok-pcrt
Poland,Bialystok (PCRT),28.07.2026,cucumbers,1.36 €,1.84 €,kg,-7.8%,https://www.fresh-market.info/price-quotations/poland/bialystok-pcrt
Poland,Bialystok (PCRT),28.07.2026,currant black,3.98 €,3.98 €,kg,0.0%,https://www.fresh-market.info/price-quotations/poland/bialystok-pcrt
Poland,Bialystok (PCRT),28.07.2026,dill,0.31 €,0.38 €,psc,0.0%,https://www.fresh-market.info/price-quotations/poland/bialystok-pcrt
Poland,Bialystok (PCRT),28.07.2026,eggplant,1.63 €,1.84 €,kg,0.0%,https://www.fresh-market.info/price-quotations/poland/bialystok-pcrt
Poland,Bialystok (PCRT),28.07.2026,flat-leaf parsley,0.31 €,0.42 €,psc,0.0%,https://www.fresh-market.info/price-quotations/poland/bialystok-pcrt
Poland,Bialystok (PCRT),28.07.2026,garlic,0.54 €,0.54 €,psc,0.0%,https://www.fresh-market.info/price-quotations/poland/bialystok-pcrt
Poland,Bialystok (PCRT),28.07.2026,ginger,3.77 €,3.35 €,kg,0.0%,https://www.fresh-market.info/price-quotations/poland/bialystok-pcrt
Poland,Bialystok (PCRT),28.07.2026,gooseberry,3.14 €,3.14 €,kg,0.0%,https://www.fresh-market.info/price-quotations/poland/bialystok-pcrt
Poland,Bialystok (PCRT),28.07.2026,grapefruits,1.57 €,1.8 €,kg,0.0%,https://www.fresh-market.info/price-quotations/poland/bialystok-pcrt
Poland,Bialystok (PCRT),28.07.2026,grapes light,4.82 €,3.56 €,kg,0.0%,https://www.fresh-market.info/price-quotations/poland/bialystok-pcrt
Poland,Bialystok (PCRT),28.07.2026,hazelnut,3.35 €,3.35 €,kg,0.0%,https://www.fresh-market.info/price-quotations/poland/bialystok-pcrt
Poland,Bialystok (PCRT),28.07.2026,hazelnut shelled,7.96 €,8.38 €,kg,0.0%,https://www.fresh-market.info/price-quotations/poland/bialystok-pcrt
Poland,Bialystok (PCRT),28.07.2026,kiwi,2.41 €,2.72 €,kg,0.0%,https://www.fresh-market.info/price-quotations/poland/bialystok-pcrt
Poland,Bialystok (PCRT),28.07.2026,kohlrabi,0.52 €,0.52 €,psc,0.0%,https://www.fresh-market.info/price-quotations/poland/bialystok-pcrt
Poland,Bialystok (PCRT),28.07.2026,leek,1.45 €,1.36 €,kg,0.0%,https://www.fresh-market.info/price-quotations/poland/bialystok-pcrt
Poland,Bialystok (PCRT),28.07.2026,lemons,2.26 €,2.05 €,kg,+10.8%,https://www.fresh-market.info/price-quotations/poland/bialystok-pcrt
Poland,Bialystok (PCRT),28.07.2026,lentils red shelled,1.63 €,1.78 €,kg,0.0%,https://www.fresh-market.info/price-quotations/poland/bialystok-pcrt
Poland,Bialystok (PCRT),28.07.2026,lettuce,0.8 €,0.94 €,psc,0.0%,https://www.fresh-market.info/price-quotations/poland/bialystok-pcrt
Poland,Bialystok (PCRT),28.07.2026,lettuce iceberg,1.05 €,0.94 €,psc,0.0%,https://www.fresh-market.info/price-quotations/poland/bialystok-pcrt
Poland,Bialystok (PCRT),28.07.2026,lime,2.3 €,3.25 €,kg,0.0%,https://www.fresh-market.info/price-quotations/poland/bialystok-pcrt
Poland,Bialystok (PCRT),28.07.2026,mandarin,1.36 €,1.57 €,kg,0.0%,https://www.fresh-market.info/price-quotations/poland/bialystok-pcrt
Poland,Bialystok (PCRT),28.07.2026,mangoes,2.05 €,2.05 €,psc,0.0%,https://www.fresh-market.info/price-quotations/poland/bialystok-pcrt
Poland,Bialystok (PCRT),28.07.2026,mushrooms,2.51 €,2.51 €,kg,0.0%,https://www.fresh-market.info/price-quotations/poland/bialystok-pcrt
Poland,Bialystok (PCRT),28.07.2026,onion,0.38 €,0.36 €,kg,0.0%,https://www.fresh-market.info/price-quotations/poland/bialystok-pcrt
Poland,Bialystok (PCRT),28.07.2026,oranges loose,1.42 €,1.13 €,kg,0.0%,https://www.fresh-market.info/price-quotations/poland/bialystok-pcrt
Poland,Bialystok (PCRT),28.07.2026,parsley,1.57 €,1.26 €,kg,0.0%,https://www.fresh-market.info/price-quotations/poland/bialystok-pcrt
Poland,Bialystok (PCRT),28.07.2026,peanut,1.99 €,2.2 €,kg,0.0%,https://www.fresh-market.info/price-quotations/poland/bialystok-pcrt
Poland,Bialystok (PCRT),28.07.2026,pear Conference,1.68 €,1.76 €,kg,0.0%,https://www.fresh-market.info/price-quotations/poland/bialystok-pcrt
Poland,Bialystok (PCRT),28.07.2026,peas,0.92 €,1.13 €,kg,0.0%,https://www.fresh-market.info/price-quotations/poland/bialystok-pcrt
Poland,Bialystok (PCRT),28.07.2026,pepper,2.26 €,2.47 €,kg,0.0%,https://www.fresh-market.info/price-quotations/poland/bialystok-pcrt
Poland,Bialystok (PCRT),28.07.2026,pepper chili,4.19 €,4.19 €,kg,0.0%,https://www.fresh-market.info/price-quotations/poland/bialystok-pcrt
Poland,Bialystok (PCRT),28.07.2026,pepper peperoni,7.33 €,15.71 €,kg,0.0%,https://www.fresh-market.info/price-quotations/poland/bialystok-pcrt
Poland,Bialystok (PCRT),28.07.2026,pickled gherkins,1.57 €,1.57 €,"0,40 kg",0.0%,https://www.fresh-market.info/price-quotations/poland/bialystok-pcrt
Poland,Bialystok (PCRT),28.07.2026,pistachenoot,10.89 €,10.89 €,kg,0.0%,https://www.fresh-market.info/price-quotations/poland/bialystok-pcrt
Poland,Bialystok (PCRT),28.07.2026,plum,0.84 €,0.84 €,kg,0.0%,https://www.fresh-market.info/price-quotations/poland/bialystok-pcrt
Poland,Bialystok (PCRT),28.07.2026,potato early Cyprus,1.36 €,1.05 €,kg,0.0%,https://www.fresh-market.info/price-quotations/poland/bialystok-pcrt
Poland,Bialystok (PCRT),28.07.2026,potato early pl,0.59 €,0.46 €,kg,0.0%,https://www.fresh-market.info/price-quotations/poland/bialystok-pcrt
Poland,Bialystok (PCRT),28.07.2026,pumpkin,1.15 €,1.15 €,kg,0.0%,https://www.fresh-market.info/price-quotations/poland/bialystok-pcrt
Poland,Bialystok (PCRT),28.07.2026,pumpkin seed,3.77 €,4.4 €,kg,0.0%,https://www.fresh-market.info/price-quotations/poland/bialystok-pcrt
Poland,Bialystok (PCRT),28.07.2026,radish,0.52 €,0.48 €,psc,0.0%,https://www.fresh-market.info/price-quotations/poland/bialystok-pcrt
Poland,Bialystok (PCRT),28.07.2026,raspberry 125 g,2.93 €,1.88 €,op,0.0%,https://www.fresh-market.info/price-quotations/poland/bialystok-pcrt
Poland,Bialystok (PCRT),28.07.2026,red onion,0.94 €,0.63 €,kg,0.0%,https://www.fresh-market.info/price-quotations/poland/bialystok-pcrt
Poland,Bialystok (PCRT),28.07.2026,ribbed celery imports,1.05 €,1.15 €,psc,0.0%,https://www.fresh-market.info/price-quotations/poland/bialystok-pcrt
Poland,Bialystok (PCRT),28.07.2026,sauerkraut,1.36 €,1.36 €,kg,0.0%,https://www.fresh-market.info/price-quotations/poland/bialystok-pcrt
Poland,Bialystok (PCRT),28.07.2026,savoy cabbage,1.78 €,1.88 €,psc,0.0%,https://www.fresh-market.info/price-quotations/poland/bialystok-pcrt
Poland,Bialystok (PCRT),28.07.2026,shelled walnut,7.12 €,7.75 €,kg,0.0%,https://www.fresh-market.info/price-quotations/poland/bialystok-pcrt
Poland,Bialystok (PCRT),28.07.2026,soybean,1.01 €,1.15 €,kg,0.0%,https://www.fresh-market.info/price-quotations/poland/bialystok-pcrt
Poland,Bialystok (PCRT),28.07.2026,spinach,0.75 €,0.8 €,op,0.0%,https://www.fresh-market.info/price-quotations/poland/bialystok-pcrt
Poland,Bialystok (PCRT),28.07.2026,strawberry,3.77 €,3.14 €,kg,0.0%,https://www.fresh-market.info/price-quotations/poland/bialystok-pcrt
Poland,Bialystok (PCRT),28.07.2026,tomato pl raspberry,2.68 €,1.36 €,kg,0.0%,https://www.fresh-market.info/price-quotations/poland/bialystok-pcrt
Poland,Bialystok (PCRT),28.07.2026,tomato red,1.36 €,1.15 €,kg,0.0%,https://www.fresh-market.info/price-quotations/poland/bialystok-pcrt
Poland,Bialystok (PCRT),28.07.2026,turnip sopel lodu,1.13 €,1.13 €,kg,0.0%,https://www.fresh-market.info/price-quotations/poland/bialystok-pcrt
Poland,Bialystok (PCRT),28.07.2026,vegetables,1.26 €,1.26 €,psc,0.0%,https://www.fresh-market.info/price-quotations/poland/bialystok-pcrt
Poland,Bialystok (PCRT),28.07.2026,walnut,2.09 €,2.51 €,kg,0.0%,https://www.fresh-market.info/price-quotations/poland/bialystok-pcrt
Poland,Bialystok (PCRT),28.07.2026,watermelon,1.15 €,0.94 €,kg,+25.0%,https://www.fresh-market.info/price-quotations/poland/bialystok-pcrt
Poland,Bialystok (PCRT),28.07.2026,zucchini,1.63 €,1.26 €,kg,+45.3%,https://www.fresh-market.info/price-quotations/poland/bialystok-pcrt
Poland,Gdansk (Renk),09.04.2026,alstroemeria,0.73 €,1.05 €,20 psc,0.0%,https://www.fresh-market.info/price-quotations/poland/gdansk-renk
Poland,Gdansk (Renk),09.04.2026,alstromeria(k),0.21 €,1.05 €,20 psc,-7.7%,https://www.fresh-market.info/price-quotations/poland/gdansk-renk
Poland,Gdansk (Renk),09.04.2026,anthurium,1.05 €,2.72 €,"8, 12, 16 psc",0.0%,https://www.fresh-market.info/price-quotations/poland/gdansk-renk
Poland,Gdansk (Renk),09.04.2026,anthurium(k),0.63 €,2.72 €,"8, 12, 16 psc",+6.7%,https://www.fresh-market.info/price-quotations/poland/gdansk-renk
Poland,Gdansk (Renk),09.04.2026,azalia,4.19 €,5.24 €,psc,0.0%,https://www.fresh-market.info/price-quotations/poland/gdansk-renk
Poland,Gdansk (Renk),09.04.2026,bratek,0.48 €,0.52 €,psc,+12.2%,https://www.fresh-market.info/price-quotations/poland/gdansk-renk
Poland,Gdansk (Renk),09.04.2026,cantadeskia,0.94 €,1.26 €,10 psc,-75.0%,https://www.fresh-market.info/price-quotations/poland/gdansk-renk
Poland,Gdansk (Renk),09.04.2026,carnation,0.42 €,0.46 €,25 psc,-6.7%,https://www.fresh-market.info/price-quotations/poland/gdansk-renk
Poland,Gdansk (Renk),09.04.2026,carnation branch,0.42 €,0.46 €,1 branch,-6.7%,https://www.fresh-market.info/price-quotations/poland/gdansk-renk
Poland,Gdansk (Renk),09.04.2026,chrysanthemum wielkokwiatowa,1.36 €,1.47 €,10 psc,-3.6%,https://www.fresh-market.info/price-quotations/poland/gdansk-renk
Poland,Gdansk (Renk),09.04.2026,daffodil,0.34 €,0.42 €,25 psc,-14.3%,https://www.fresh-market.info/price-quotations/poland/gdansk-renk
Poland,Gdansk (Renk),09.04.2026,freesia,0.46 €,0.5 €,25 psc,+9.5%,https://www.fresh-market.info/price-quotations/poland/gdansk-renk
Poland,Gdansk (Renk),09.04.2026,frezja(k),0.42 €,0.48 €,25 psc,+7.5%,https://www.fresh-market.info/price-quotations/poland/gdansk-renk
Poland,Gdansk (Renk),09.04.2026,gerbera,0.8 €,0.88 €,25 psc,-5.9%,https://www.fresh-market.info/price-quotations/poland/gdansk-renk
Poland,Gdansk (Renk),09.04.2026,gerbera mini,0.25 €,0.42 €,25 psc,-20.0%,https://www.fresh-market.info/price-quotations/poland/gdansk-renk
Poland,Gdansk (Renk),09.04.2026,gerbera(k),0.73 €,0.84 €,25 psc,-3.9%,https://www.fresh-market.info/price-quotations/poland/gdansk-renk
Poland,Gdansk (Renk),09.04.2026,goździk(k),0.42 €,0.46 €,25 psc,-2.3%,https://www.fresh-market.info/price-quotations/poland/gdansk-renk
Poland,Gdansk (Renk),09.04.2026,gypsophila,12.57 €,20.94 €,10 psc,0.0%,https://www.fresh-market.info/price-quotations/poland/gdansk-renk
Poland,Gdansk (Renk),09.04.2026,hiacynt,0.63 €,5.24 €,10 psc,0.0%,https://www.fresh-market.info/price-quotations/poland/gdansk-renk
Poland,Gdansk (Renk),09.04.2026,hiacynt cut,0.63 €,0.84 €,10 psc,0.0%,https://www.fresh-market.info/price-quotations/poland/gdansk-renk
Poland,Gdansk (Renk),09.04.2026,hydrangea cut,1.47 €,4.82 €,psc,+36.4%,https://www.fresh-market.info/price-quotations/poland/gdansk-renk
Poland,Gdansk (Renk),09.04.2026,iris,0.29 €,0.34 €,25 psc,-6.3%,https://www.fresh-market.info/price-quotations/poland/gdansk-renk
Poland,Gdansk (Renk),09.04.2026,irys(k),0.29 €,0.34 €,25 psc,-25.0%,https://www.fresh-market.info/price-quotations/poland/gdansk-renk
Poland,Gdansk (Renk),09.04.2026,jaskier,0.63 €,0.73 €,20 psc,-48.0%,https://www.fresh-market.info/price-quotations/poland/gdansk-renk
Poland,Gdansk (Renk),09.04.2026,kalina (viburnum),1.47 €,1.57 €,10 psc,+81.3%,https://www.fresh-market.info/price-quotations/poland/gdansk-renk
Poland,Gdansk (Renk),09.04.2026,lilia(k),3.35 €,3.77 €,10 gałązek,+6.3%,https://www.fresh-market.info/price-quotations/poland/gdansk-renk
Poland,Gdansk (Renk),09.04.2026,lily,3.35 €,3.77 €,10 gałązek,+3.0%,https://www.fresh-market.info/price-quotations/poland/gdansk-renk
Poland,Gdansk (Renk),09.04.2026,limonium,8.38 €,18.85 €,25 psc,-10.3%,https://www.fresh-market.info/price-quotations/poland/gdansk-renk
Poland,Gdansk (Renk),09.04.2026,lisianthus,1.68 €,2.51 €,20 psc,0.0%,https://www.fresh-market.info/price-quotations/poland/gdansk-renk
Poland,Gdansk (Renk),09.04.2026,ornithogalum,0.63 €,0.84 €,10 psc,+105.9%,https://www.fresh-market.info/price-quotations/poland/gdansk-renk
Poland,Gdansk (Renk),09.04.2026,protea,3.77 €,6.28 €,10 psc,-15.8%,https://www.fresh-market.info/price-quotations/poland/gdansk-renk
Poland,Gdansk (Renk),09.04.2026,rose,2.51 €,4.19 €,pot,+6.7%,https://www.fresh-market.info/price-quotations/poland/gdansk-renk
Poland,Gdansk (Renk),09.04.2026,rose abigeile,0.58 €,1.47 €,20 psc,-9.3%,https://www.fresh-market.info/price-quotations/poland/gdansk-renk
Poland,Gdansk (Renk),09.04.2026,rose all star,0.63 €,2.09 €,20 psc,+20.9%,https://www.fresh-market.info/price-quotations/poland/gdansk-renk
Poland,Gdansk (Renk),09.04.2026,rose annabel,0.63 €,2.09 €,20 psc,+20.9%,https://www.fresh-market.info/price-quotations/poland/gdansk-renk
Poland,Gdansk (Renk),09.04.2026,rose apolonia,0.63 €,2.09 €,20 psc,+8.3%,https://www.fresh-market.info/price-quotations/poland/gdansk-renk
Poland,Gdansk (Renk),09.04.2026,rose belinda,0.63 €,1.68 €,20 psc,+22.2%,https://www.fresh-market.info/price-quotations/poland/gdansk-renk
Poland,Gdansk (Renk),09.04.2026,rose bombastic lady,1.05 €,2.72 €,20 psc,0.0%,https://www.fresh-market.info/price-quotations/poland/gdansk-renk
Poland,Gdansk (Renk),09.04.2026,rose botanic red,0.52 €,1.26 €,20 psc,-29.2%,https://www.fresh-market.info/price-quotations/poland/gdansk-renk
Poland,Gdansk (Renk),09.04.2026,rose burgundy,0.52 €,1.36 €,20 psc,0.0%,https://www.fresh-market.info/price-quotations/poland/gdansk-renk
Poland,Gdansk (Renk),09.04.2026,rose celebration,0.52 €,1.36 €,20 psc,0.0%,https://www.fresh-market.info/price-quotations/poland/gdansk-renk
Poland,Gdansk (Renk),09.04.2026,rose charmant,0.52 €,1.36 €,20 psc,0.0%,https://www.fresh-market.info/price-quotations/poland/gdansk-renk
Poland,Gdansk (Renk),09.04.2026,rose dali,0.52 €,1.26 €,20 psc,-8.1%,https://www.fresh-market.info/price-quotations/poland/gdansk-renk
Poland,Gdansk (Renk),09.04.2026,rose duett,0.52 €,1.36 €,20 psc,0.0%,https://www.fresh-market.info/price-quotations/poland/gdansk-renk
Poland,Gdansk (Renk),09.04.2026,rose el toro,0.31 €,1.05 €,20 psc,-10.3%,https://www.fresh-market.info/price-quotations/poland/gdansk-renk
Poland,Gdansk (Renk),09.04.2026,rose espania,0.58 €,1.47 €,20 psc,-9.3%,https://www.fresh-market.info/price-quotations/poland/gdansk-renk
Poland,Gdansk (Renk),09.04.2026,rose etna,0.52 €,1.36 €,20 psc,-10.0%,https://www.fresh-market.info/price-quotations/poland/gdansk-renk
Poland,Gdansk (Renk),09.04.2026,rose farfalla,0.52 €,1.36 €,20 psc,-10.0%,https://www.fresh-market.info/price-quotations/poland/gdansk-renk
Poland,Gdansk (Renk),09.04.2026,rose global water,0.52 €,1.36 €,20szt,-10.0%,https://www.fresh-market.info/price-quotations/poland/gdansk-renk
Poland,Gdansk (Renk),09.04.2026,rose grand prix,0.52 €,1.36 €,20 psc,-10.0%,https://www.fresh-market.info/price-quotations/poland/gdansk-renk
Poland,Gdansk (Renk),09.04.2026,rose high&magic,0.52 €,1.36 €,20 psc,-10.0%,https://www.fresh-market.info/price-quotations/poland/gdansk-renk
Poland,Gdansk (Renk),09.04.2026,rose ilios,0.52 €,1.36 €,20 psc,-10.0%,https://www.fresh-market.info/price-quotations/poland/gdansk-renk
Poland,Gdansk (Renk),09.04.2026,rose jumilia,0.58 €,1.47 €,20 psc,-9.3%,https://www.fresh-market.info/price-quotations/poland/gdansk-renk
Poland,Gdansk (Renk),09.04.2026,rose lady in red,0.63 €,1.68 €,20 psc,+4.8%,https://www.fresh-market.info/price-quotations/poland/gdansk-renk
Poland,Gdansk (Renk),09.04.2026,rose lazise,0.58 €,1.47 €,20 psc,-9.3%,https://www.fresh-market.info/price-quotations/poland/gdansk-renk
Poland,Gdansk (Renk),09.04.2026,rose magimoto,0.52 €,1.36 €,20 psc,-10.0%,https://www.fresh-market.info/price-quotations/poland/gdansk-renk
Poland,Gdansk (Renk),09.04.2026,rose marie claire,0.52 €,1.36 €,20 psc,-10.0%,https://www.fresh-market.info/price-quotations/poland/gdansk-renk
Poland,Gdansk (Renk),09.04.2026,rose maritim,0.52 €,1.36 €,20 psc,-10.0%,https://www.fresh-market.info/price-quotations/poland/gdansk-renk
Poland,Gdansk (Renk),09.04.2026,rose mariyo,0.52 €,1.36 €,20 psc,-10.0%,https://www.fresh-market.info/price-quotations/poland/gdansk-renk
Poland,Gdansk (Renk),09.04.2026,rose memory line,0.52 €,1.36 €,20 psc,-10.0%,https://www.fresh-market.info/price-quotations/poland/gdansk-renk
Poland,Gdansk (Renk),09.04.2026,rose merci cherie,0.42 €,1.15 €,20 psc,-6.3%,https://www.fresh-market.info/price-quotations/poland/gdansk-renk
Poland,Gdansk (Renk),09.04.2026,rose mighty,0.58 €,1.47 €,20 psc,-9.3%,https://www.fresh-market.info/price-quotations/poland/gdansk-renk
Poland,Gdansk (Renk),09.04.2026,rose passion,0.52 €,1.36 €,20 psc,-10.0%,https://www.fresh-market.info/price-quotations/poland/gdansk-renk
Poland,Gdansk (Renk),09.04.2026,rose penny lane,0.63 €,2.09 €,20 psc,+23.8%,https://www.fresh-market.info/price-quotations/poland/gdansk-renk
Poland,Gdansk (Renk),09.04.2026,rose prestige,0.63 €,1.68 €,20 psc,+4.8%,https://www.fresh-market.info/price-quotations/poland/gdansk-renk
Poland,Gdansk (Renk),09.04.2026,rose prima ballerina,0.52 €,1.36 €,20 psc,-10.0%,https://www.fresh-market.info/price-quotations/poland/gdansk-renk
Poland,Gdansk (Renk),09.04.2026,rose red eagle,0.52 €,1.26 €,20 psc,-5.6%,https://www.fresh-market.info/price-quotations/poland/gdansk-renk
Poland,Gdansk (Renk),09.04.2026,rose red knight,0.52 €,1.26 €,20 psc,-8.1%,https://www.fresh-market.info/price-quotations/poland/gdansk-renk
Poland,Gdansk (Renk),09.04.2026,rose red naomi,0.52 €,1.26 €,20 psc,-5.6%,https://www.fresh-market.info/price-quotations/poland/gdansk-renk
Poland,Gdansk (Renk),09.04.2026,rose red paris,0.52 €,1.36 €,20 psc,-10.0%,https://www.fresh-market.info/price-quotations/poland/gdansk-renk
Poland,Gdansk (Renk),09.04.2026,rose red ribbon,0.58 €,1.47 €,20 psc,+8.3%,https://www.fresh-market.info/price-quotations/poland/gdansk-renk
Poland,Gdansk (Renk),09.04.2026,rose ruby red,0.63 €,1.47 €,20 psc,+11.1%,https://www.fresh-market.info/price-quotations/poland/gdansk-renk
Poland,Gdansk (Renk),09.04.2026,rose sansibar,0.58 €,1.47 €,20 psc,-9.3%,https://www.fresh-market.info/price-quotations/poland/gdansk-renk
Poland,Gdansk (Renk),09.04.2026,rose savita,0.68 €,1.47 €,20 psc,-4.7%,https://www.fresh-market.info/price-quotations/poland/gdansk-renk
Poland,Gdansk (Renk),09.04.2026,rose single malt,0.58 €,1.47 €,20 psc,+5.4%,https://www.fresh-market.info/price-quotations/poland/gdansk-renk
Poland,Gdansk (Renk),09.04.2026,rose sophia loren,0.58 €,1.47 €,20 psc,-9.3%,https://www.fresh-market.info/price-quotations/poland/gdansk-renk
Poland,Gdansk (Renk),09.04.2026,rose spectra,0.42 €,1.15 €,20 psc,-6.3%,https://www.fresh-market.info/price-quotations/poland/gdansk-renk
Poland,Gdansk (Renk),09.04.2026,rose sphinx,0.52 €,1.36 €,20 psc,0.0%,https://www.fresh-market.info/price-quotations/poland/gdansk-renk
Poland,Gdansk (Renk),09.04.2026,rose talea,0.58 €,1.47 €,20 psc,-9.3%,https://www.fresh-market.info/price-quotations/poland/gdansk-renk
Poland,Gdansk (Renk),09.04.2026,rose testarosa,0.52 €,1.36 €,20 psc,0.0%,https://www.fresh-market.info/price-quotations/poland/gdansk-renk
Poland,Gdansk (Renk),09.04.2026,rose upper class,0.52 €,1.36 €,20 psc,0.0%,https://www.fresh-market.info/price-quotations/poland/gdansk-renk
Poland,Gdansk (Renk),09.04.2026,rose white naomi,0.52 €,1.36 €,20 psc,0.0%,https://www.fresh-market.info/price-quotations/poland/gdansk-renk
Poland,Gdansk (Renk),09.04.2026,stock,1.15 €,1.36 €,10 psc,-11.1%,https://www.fresh-market.info/price-quotations/poland/gdansk-renk
Poland,Gdansk (Renk),09.04.2026,storczyk cymbidium,3.14 €,10.47 €,1 psc,0.0%,https://www.fresh-market.info/price-quotations/poland/gdansk-renk
Poland,Gdansk (Renk),09.04.2026,storczyk tajlandzki,1.26 €,1.47 €,10 psc,0.0%,https://www.fresh-market.info/price-quotations/poland/gdansk-renk
Poland,Gdansk (Renk),09.04.2026,strelicja,3.35 €,4.19 €,1 psc,0.0%,https://www.fresh-market.info/price-quotations/poland/gdansk-renk
Poland,Gdansk (Renk),09.04.2026,sunflower,1.68 €,1.78 €,psc,+57.1%,https://www.fresh-market.info/price-quotations/poland/gdansk-renk
Poland,Gdansk (Renk),09.04.2026,szparag pierzasty,8.38 €,16.75 €,psc,0.0%,https://www.fresh-market.info/price-quotations/poland/gdansk-renk
Poland,Gdansk (Renk),09.04.2026,tulip,0.42 €,0.52 €,25 psc,+12.5%,https://www.fresh-market.info/price-quotations/poland/gdansk-renk
Poland,Gdansk (Renk),09.04.2026,tulipan(k),0.42 €,0.46 €,25 psc,+10.5%,https://www.fresh-market.info/price-quotations/poland/gdansk-renk
Poland,Gdansk (Renk),09.04.2026,żonkil,0.42 €,0.63 €,psc,0.0%,https://www.fresh-market.info/price-quotations/poland/gdansk-renk
Poland,Kalisz (Gielda Kaliska),30.07.2026,apple Gala domestic,8.38 €,8.38 €,13 kg,0.0%,https://www.fresh-market.info/price-quotations/poland/kalisz-gielda-kaliska
Poland,Kalisz (Gielda Kaliska),30.07.2026,apple Ligol domestic,8.38 €,8.38 €,13 kg,0.0%,https://www.fresh-market.info/price-quotations/poland/kalisz-gielda-kaliska
Poland,Kalisz (Gielda Kaliska),30.07.2026,apple celesta domestic,8.38 €,8.38 €,13 kg,0.0%,https://www.fresh-market.info/price-quotations/poland/kalisz-gielda-kaliska
Poland,Kalisz (Gielda Kaliska),30.07.2026,apple early geneva domestic,8.38 €,8.38 €,13 kg,0.0%,https://www.fresh-market.info/price-quotations/poland/kalisz-gielda-kaliska
Poland,Kalisz (Gielda Kaliska),30.07.2026,apple jonagored domestic,8.38 €,8.38 €,13 kg,0.0%,https://www.fresh-market.info/price-quotations/poland/kalisz-gielda-kaliska
Poland,Kalisz (Gielda Kaliska),30.07.2026,apple papierówka domestic,10.47 €,10.47 €,13 kg,0.0%,https://www.fresh-market.info/price-quotations/poland/kalisz-gielda-kaliska
Poland,Kalisz (Gielda Kaliska),30.07.2026,apple paulared domestic,8.38 €,8.38 €,13 kg,0.0%,https://www.fresh-market.info/price-quotations/poland/kalisz-gielda-kaliska
Poland,Kalisz (Gielda Kaliska),30.07.2026,apple piros domestic,8.38 €,8.38 €,13 kg,0.0%,https://www.fresh-market.info/price-quotations/poland/kalisz-gielda-kaliska
Poland,Kalisz (Gielda Kaliska),30.07.2026,apple shampion domestic,8.38 €,8.38 €,13 kg,0.0%,https://www.fresh-market.info/price-quotations/poland/kalisz-gielda-kaliska
Poland,Kalisz (Gielda Kaliska),30.07.2026,apricot domestic,0.84 €,1.68 €,kg,-7.7%,https://www.fresh-market.info/price-quotations/poland/kalisz-gielda-kaliska
Poland,Kalisz (Gielda Kaliska),30.07.2026,arugula import,0.73 €,0.73 €,100 g,0.0%,https://www.fresh-market.info/price-quotations/poland/kalisz-gielda-kaliska
Poland,Kalisz (Gielda Kaliska),30.07.2026,avocado import,0.63 €,1.26 €,psc,0.0%,https://www.fresh-market.info/price-quotations/poland/kalisz-gielda-kaliska
Poland,Kalisz (Gielda Kaliska),30.07.2026,bananas import,16.75 €,18.85 €,18 kg,0.0%,https://www.fresh-market.info/price-quotations/poland/kalisz-gielda-kaliska
Poland,Kalisz (Gielda Kaliska),30.07.2026,beetroots red domestic,0.17 €,0.21 €,kg,0.0%,https://www.fresh-market.info/price-quotations/poland/kalisz-gielda-kaliska
Poland,Kalisz (Gielda Kaliska),30.07.2026,bilberry domestic,9.42 €,9.42 €,kg,0.0%,https://www.fresh-market.info/price-quotations/poland/kalisz-gielda-kaliska
Poland,Kalisz (Gielda Kaliska),30.07.2026,blackberries domestic,3.14 €,3.14 €,"0,5 kg",+25.0%,https://www.fresh-market.info/price-quotations/poland/kalisz-gielda-kaliska
Poland,Kalisz (Gielda Kaliska),30.07.2026,blueberry American domestic,0.84 €,0.84 €,250 g,-11.1%,https://www.fresh-market.info/price-quotations/poland/kalisz-gielda-kaliska
Poland,Kalisz (Gielda Kaliska),30.07.2026,broad bean domestic,2.51 €,2.93 €,kg,+8.3%,https://www.fresh-market.info/price-quotations/poland/kalisz-gielda-kaliska
Poland,Kalisz (Gielda Kaliska),30.07.2026,broccoli domestic,0.52 €,0.73 €,psc,0.0%,https://www.fresh-market.info/price-quotations/poland/kalisz-gielda-kaliska
Poland,Kalisz (Gielda Kaliska),30.07.2026,cabbage chinese cabbage domestic,0.42 €,0.63 €,kg,0.0%,https://www.fresh-market.info/price-quotations/poland/kalisz-gielda-kaliska
Poland,Kalisz (Gielda Kaliska),30.07.2026,cabbage pickled domestic,0.84 €,0.84 €,kg,0.0%,https://www.fresh-market.info/price-quotations/poland/kalisz-gielda-kaliska
Poland,Kalisz (Gielda Kaliska),30.07.2026,cabbage pointed domestic,0.84 €,0.84 €,psc,0.0%,https://www.fresh-market.info/price-quotations/poland/kalisz-gielda-kaliska
Poland,Kalisz (Gielda Kaliska),30.07.2026,cabbage red domestic,0.31 €,0.31 €,kg,0.0%,https://www.fresh-market.info/price-quotations/poland/kalisz-gielda-kaliska
Poland,Kalisz (Gielda Kaliska),30.07.2026,cabbage red young domestic,0.42 €,0.42 €,psc,-27.3%,https://www.fresh-market.info/price-quotations/poland/kalisz-gielda-kaliska
Poland,Kalisz (Gielda Kaliska),30.07.2026,cabbage savoy domestic,0.84 €,0.84 €,kg,0.0%,https://www.fresh-market.info/price-quotations/poland/kalisz-gielda-kaliska
Poland,Kalisz (Gielda Kaliska),30.07.2026,cabbage white domestic,0.31 €,0.31 €,kg,0.0%,https://www.fresh-market.info/price-quotations/poland/kalisz-gielda-kaliska
Poland,Kalisz (Gielda Kaliska),30.07.2026,cabbage white young domestic,0.42 €,0.73 €,psc,0.0%,https://www.fresh-market.info/price-quotations/poland/kalisz-gielda-kaliska
Poland,Kalisz (Gielda Kaliska),30.07.2026,carrot - Poland,0.25 €,0.38 €,kg,0.0%,https://www.fresh-market.info/price-quotations/poland/kalisz-gielda-kaliska
Poland,Kalisz (Gielda Kaliska),30.07.2026,carrots with greens domestic,0.52 €,0.63 €,bunch,+10.0%,https://www.fresh-market.info/price-quotations/poland/kalisz-gielda-kaliska
Poland,Kalisz (Gielda Kaliska),30.07.2026,cauliflower domestic,1.05 €,1.47 €,psc,+20.0%,https://www.fresh-market.info/price-quotations/poland/kalisz-gielda-kaliska
Poland,Kalisz (Gielda Kaliska),30.07.2026,celery domestic,0.42 €,1.05 €,kg,+40.0%,https://www.fresh-market.info/price-quotations/poland/kalisz-gielda-kaliska
Poland,Kalisz (Gielda Kaliska),30.07.2026,celery with greens domestic,0.42 €,0.42 €,bunch,0.0%,https://www.fresh-market.info/price-quotations/poland/kalisz-gielda-kaliska
Poland,Kalisz (Gielda Kaliska),30.07.2026,cherry domestic,1.68 €,1.68 €,kg,0.0%,https://www.fresh-market.info/price-quotations/poland/kalisz-gielda-kaliska
Poland,Kalisz (Gielda Kaliska),30.07.2026,chives domestic,2.09 €,2.51 €,bunch 10,0.0%,https://www.fresh-market.info/price-quotations/poland/kalisz-gielda-kaliska
Poland,Kalisz (Gielda Kaliska),30.07.2026,cucumber field domestic,0.84 €,1.26 €,kg,+25.0%,https://www.fresh-market.info/price-quotations/poland/kalisz-gielda-kaliska
Poland,Kalisz (Gielda Kaliska),30.07.2026,cucumber glasshouse domestic,1.05 €,1.15 €,kg,+5.0%,https://www.fresh-market.info/price-quotations/poland/kalisz-gielda-kaliska
Poland,Kalisz (Gielda Kaliska),30.07.2026,cucumber pickled domestic,1.47 €,1.47 €,kg,0.0%,https://www.fresh-market.info/price-quotations/poland/kalisz-gielda-kaliska
Poland,Kalisz (Gielda Kaliska),30.07.2026,cucumber pickled lightly salted domestic,2.09 €,2.09 €,kg,0.0%,https://www.fresh-market.info/price-quotations/poland/kalisz-gielda-kaliska
Poland,Kalisz (Gielda Kaliska),30.07.2026,currant black domestic,3.14 €,3.14 €,kg,0.0%,https://www.fresh-market.info/price-quotations/poland/kalisz-gielda-kaliska
Poland,Kalisz (Gielda Kaliska),30.07.2026,currant red domestic,2.09 €,2.09 €,kg,0.0%,https://www.fresh-market.info/price-quotations/poland/kalisz-gielda-kaliska
Poland,Kalisz (Gielda Kaliska),30.07.2026,dill domestic,2.51 €,3.14 €,bunch 10,0.0%,https://www.fresh-market.info/price-quotations/poland/kalisz-gielda-kaliska
Poland,Kalisz (Gielda Kaliska),30.07.2026,dill domestic,2.51 €,3.14 €,bunch 10,0.0%,https://www.fresh-market.info/price-quotations/poland/kalisz-gielda-kaliska
Poland,Kalisz (Gielda Kaliska),30.07.2026,garlic domestic,0.31 €,0.52 €,psc,0.0%,https://www.fresh-market.info/price-quotations/poland/kalisz-gielda-kaliska
Poland,Kalisz (Gielda Kaliska),30.07.2026,garlic import,1.47 €,1.68 €,kg,0.0%,https://www.fresh-market.info/price-quotations/poland/kalisz-gielda-kaliska
Poland,Kalisz (Gielda Kaliska),30.07.2026,grapefruits import,1.05 €,1.47 €,kg,0.0%,https://www.fresh-market.info/price-quotations/poland/kalisz-gielda-kaliska
Poland,Kalisz (Gielda Kaliska),30.07.2026,grapes dark import,3.14 €,4.19 €,kg,0.0%,https://www.fresh-market.info/price-quotations/poland/kalisz-gielda-kaliska
Poland,Kalisz (Gielda Kaliska),30.07.2026,grapes white import,3.14 €,4.19 €,kg,0.0%,https://www.fresh-market.info/price-quotations/poland/kalisz-gielda-kaliska
Poland,Kalisz (Gielda Kaliska),30.07.2026,green beans asparagus green domestic,2.93 €,2.93 €,kg,+16.7%,https://www.fresh-market.info/price-quotations/poland/kalisz-gielda-kaliska
Poland,Kalisz (Gielda Kaliska),30.07.2026,green beans asparagus yellow domestic,2.51 €,2.93 €,kg,+18.2%,https://www.fresh-market.info/price-quotations/poland/kalisz-gielda-kaliska
Poland,Kalisz (Gielda Kaliska),30.07.2026,green beans mammoth domestic,3.14 €,3.14 €,kg,0.0%,https://www.fresh-market.info/price-quotations/poland/kalisz-gielda-kaliska
Poland,Kalisz (Gielda Kaliska),30.07.2026,greengage domestic,1.26 €,1.26 €,kg,0.0%,https://www.fresh-market.info/price-quotations/poland/kalisz-gielda-kaliska
Poland,Kalisz (Gielda Kaliska),30.07.2026,greengage import,1.47 €,1.47 €,kg,0.0%,https://www.fresh-market.info/price-quotations/poland/kalisz-gielda-kaliska
Poland,Kalisz (Gielda Kaliska),30.07.2026,greens parsley domestic,2.09 €,2.09 €,bunch 10,0.0%,https://www.fresh-market.info/price-quotations/poland/kalisz-gielda-kaliska
Poland,Kalisz (Gielda Kaliska),30.07.2026,horseradish domestic,3.35 €,4.19 €,kg,0.0%,https://www.fresh-market.info/price-quotations/poland/kalisz-gielda-kaliska
Poland,Kalisz (Gielda Kaliska),30.07.2026,kiwi import,1.68 €,3.77 €,tray,-7.1%,https://www.fresh-market.info/price-quotations/poland/kalisz-gielda-kaliska
Poland,Kalisz (Gielda Kaliska),30.07.2026,kohlrabi - Poland,0.52 €,0.52 €,psc,+11.1%,https://www.fresh-market.info/price-quotations/poland/kalisz-gielda-kaliska
Poland,Kalisz (Gielda Kaliska),30.07.2026,lamb's lettuce import,0.73 €,0.73 €,100 g,0.0%,https://www.fresh-market.info/price-quotations/poland/kalisz-gielda-kaliska
Poland,Kalisz (Gielda Kaliska),30.07.2026,leek domestic,0.31 €,0.42 €,psc,0.0%,https://www.fresh-market.info/price-quotations/poland/kalisz-gielda-kaliska
Poland,Kalisz (Gielda Kaliska),30.07.2026,lemons import,20.94 €,20.94 €,10kg,0.0%,https://www.fresh-market.info/price-quotations/poland/kalisz-gielda-kaliska
Poland,Kalisz (Gielda Kaliska),30.07.2026,lettuce crumbled domestic,6.28 €,7.33 €,12 psc,+8.3%,https://www.fresh-market.info/price-quotations/poland/kalisz-gielda-kaliska
Poland,Kalisz (Gielda Kaliska),30.07.2026,lettuce domestic,5.24 €,6.28 €,12 psc,+10.0%,https://www.fresh-market.info/price-quotations/poland/kalisz-gielda-kaliska
Poland,Kalisz (Gielda Kaliska),30.07.2026,lettuce iceberg domestic,0.84 €,0.84 €,psc,+14.3%,https://www.fresh-market.info/price-quotations/poland/kalisz-gielda-kaliska
Poland,Kalisz (Gielda Kaliska),30.07.2026,limes import,2.93 €,2.93 €,kg,0.0%,https://www.fresh-market.info/price-quotations/poland/kalisz-gielda-kaliska
Poland,Kalisz (Gielda Kaliska),30.07.2026,mandarins import,16.75 €,16.75 €,10 kg,-20.0%,https://www.fresh-market.info/price-quotations/poland/kalisz-gielda-kaliska
Poland,Kalisz (Gielda Kaliska),30.07.2026,mangoes import,1.68 €,2.51 €,psc,0.0%,https://www.fresh-market.info/price-quotations/poland/kalisz-gielda-kaliska
Poland,Kalisz (Gielda Kaliska),30.07.2026,marrow domestic,0.84 €,0.84 €,kg,0.0%,https://www.fresh-market.info/price-quotations/poland/kalisz-gielda-kaliska
Poland,Kalisz (Gielda Kaliska),30.07.2026,melon import,1.68 €,2.51 €,psc,0.0%,https://www.fresh-market.info/price-quotations/poland/kalisz-gielda-kaliska
Poland,Kalisz (Gielda Kaliska),30.07.2026,mushrooms domestic,2.09 €,2.09 €,kg,0.0%,https://www.fresh-market.info/price-quotations/poland/kalisz-gielda-kaliska
Poland,Kalisz (Gielda Kaliska),30.07.2026,nectarine domestic,1.26 €,1.26 €,kg,+9.1%,https://www.fresh-market.info/price-quotations/poland/kalisz-gielda-kaliska
Poland,Kalisz (Gielda Kaliska),30.07.2026,nectarine import,1.26 €,1.26 €,kg,0.0%,https://www.fresh-market.info/price-quotations/poland/kalisz-gielda-kaliska
Poland,Kalisz (Gielda Kaliska),30.07.2026,onion garlic domestic,0.84 €,0.84 €,kg,0.0%,https://www.fresh-market.info/price-quotations/poland/kalisz-gielda-kaliska
Poland,Kalisz (Gielda Kaliska),30.07.2026,onion red domestic,0.52 €,0.63 €,kg,+10.0%,https://www.fresh-market.info/price-quotations/poland/kalisz-gielda-kaliska
Poland,Kalisz (Gielda Kaliska),30.07.2026,onion white domestic,0.63 €,0.63 €,kg,0.0%,https://www.fresh-market.info/price-quotations/poland/kalisz-gielda-kaliska
Poland,Kalisz (Gielda Kaliska),30.07.2026,onion with chives domestic,0.42 €,0.52 €,bunch,0.0%,https://www.fresh-market.info/price-quotations/poland/kalisz-gielda-kaliska
Poland,Kalisz (Gielda Kaliska),30.07.2026,onion with skin domestic,0.25 €,0.31 €,kg,0.0%,https://www.fresh-market.info/price-quotations/poland/kalisz-gielda-kaliska
Poland,Kalisz (Gielda Kaliska),30.07.2026,oranges import,8.38 €,16.75 €,10 kg,0.0%,https://www.fresh-market.info/price-quotations/poland/kalisz-gielda-kaliska
Poland,Kalisz (Gielda Kaliska),30.07.2026,parsley root domestic,0.63 €,1.26 €,kg,0.0%,https://www.fresh-market.info/price-quotations/poland/kalisz-gielda-kaliska
Poland,Kalisz (Gielda Kaliska),30.07.2026,parsley root with greens domestic,0.42 €,0.63 €,bunch,0.0%,https://www.fresh-market.info/price-quotations/poland/kalisz-gielda-kaliska
Poland,Kalisz (Gielda Kaliska),30.07.2026,peach domestic,0.84 €,1.26 €,kg,0.0%,https://www.fresh-market.info/price-quotations/poland/kalisz-gielda-kaliska
Poland,Kalisz (Gielda Kaliska),30.07.2026,pear Conference domestic,1.05 €,1.05 €,kg,0.0%,https://www.fresh-market.info/price-quotations/poland/kalisz-gielda-kaliska
Poland,Kalisz (Gielda Kaliska),30.07.2026,pear import,1.47 €,1.47 €,kg,0.0%,https://www.fresh-market.info/price-quotations/poland/kalisz-gielda-kaliska
Poland,Kalisz (Gielda Kaliska),30.07.2026,pepper green domestic,1.05 €,1.05 €,kg,0.0%,https://www.fresh-market.info/price-quotations/poland/kalisz-gielda-kaliska
Poland,Kalisz (Gielda Kaliska),30.07.2026,pepper red domestic,1.47 €,1.47 €,kg,-6.7%,https://www.fresh-market.info/price-quotations/poland/kalisz-gielda-kaliska
Poland,Kalisz (Gielda Kaliska),30.07.2026,pepper yellow domestic,1.47 €,1.68 €,kg,0.0%,https://www.fresh-market.info/price-quotations/poland/kalisz-gielda-kaliska
Poland,Kalisz (Gielda Kaliska),30.07.2026,pineapple import,1.05 €,3.14 €,psc,0.0%,https://www.fresh-market.info/price-quotations/poland/kalisz-gielda-kaliska
Poland,Kalisz (Gielda Kaliska),30.07.2026,plum herman domestic,1.05 €,1.05 €,kg,-9.1%,https://www.fresh-market.info/price-quotations/poland/kalisz-gielda-kaliska
Poland,Kalisz (Gielda Kaliska),30.07.2026,plum lepotica domestic,0.84 €,0.84 €,kg,0.0%,https://www.fresh-market.info/price-quotations/poland/kalisz-gielda-kaliska
Poland,Kalisz (Gielda Kaliska),30.07.2026,plum rana domestic,1.05 €,1.05 €,kg,-9.1%,https://www.fresh-market.info/price-quotations/poland/kalisz-gielda-kaliska
Poland,Kalisz (Gielda Kaliska),30.07.2026,plum walor domestic,1.05 €,1.05 €,kg,-28.6%,https://www.fresh-market.info/price-quotations/poland/kalisz-gielda-kaliska
Poland,Kalisz (Gielda Kaliska),30.07.2026,potato early domestic,1.68 €,2.09 €,15kg,0.0%,https://www.fresh-market.info/price-quotations/poland/kalisz-gielda-kaliska
Poland,Kalisz (Gielda Kaliska),30.07.2026,radish domestic,0.31 €,0.42 €,bunch,+16.7%,https://www.fresh-market.info/price-quotations/poland/kalisz-gielda-kaliska
Poland,Kalisz (Gielda Kaliska),30.07.2026,raspberries domestic,3.77 €,4.19 €,"0,5 kg",+40.7%,https://www.fresh-market.info/price-quotations/poland/kalisz-gielda-kaliska
Poland,Kalisz (Gielda Kaliska),30.07.2026,rhubarb domestic,0.84 €,0.84 €,kg,0.0%,https://www.fresh-market.info/price-quotations/poland/kalisz-gielda-kaliska
Poland,Kalisz (Gielda Kaliska),30.07.2026,spinach domestic,1.05 €,1.05 €,kg,0.0%,https://www.fresh-market.info/price-quotations/poland/kalisz-gielda-kaliska
Poland,Kalisz (Gielda Kaliska),30.07.2026,strawberries Poland,3.14 €,4.19 €,kg,0.0%,https://www.fresh-market.info/price-quotations/poland/kalisz-gielda-kaliska
Poland,Kalisz (Gielda Kaliska),30.07.2026,sunflower domestic,1.05 €,1.05 €,psc,0.0%,https://www.fresh-market.info/price-quotations/poland/kalisz-gielda-kaliska
Poland,Kalisz (Gielda Kaliska),30.07.2026,sweet cherry domestic,2.09 €,3.77 €,kg,+21.7%,https://www.fresh-market.info/price-quotations/poland/kalisz-gielda-kaliska
Poland,Kalisz (Gielda Kaliska),30.07.2026,tomato cocktail domestic,2.51 €,2.51 €,kg,0.0%,https://www.fresh-market.info/price-quotations/poland/kalisz-gielda-kaliska
Poland,Kalisz (Gielda Kaliska),30.07.2026,tomato cocktail import,2.09 €,2.09 €,kg,0.0%,https://www.fresh-market.info/price-quotations/poland/kalisz-gielda-kaliska
Poland,Kalisz (Gielda Kaliska),30.07.2026,tomato domestic,5.24 €,5.24 €,6 kg,0.0%,https://www.fresh-market.info/price-quotations/poland/kalisz-gielda-kaliska
Poland,Kalisz (Gielda Kaliska),30.07.2026,tomato raspberry domestic,5.24 €,5.24 €,6 kg,0.0%,https://www.fresh-market.info/price-quotations/poland/kalisz-gielda-kaliska
Poland,Kalisz (Gielda Kaliska),30.07.2026,turnip domestic,0.84 €,0.84 €,kg,0.0%,https://www.fresh-market.info/price-quotations/poland/kalisz-gielda-kaliska
Poland,Kalisz (Gielda Kaliska),30.07.2026,vegetables domestic,0.63 €,0.63 €,pack,0.0%,https://www.fresh-market.info/price-quotations/poland/kalisz-gielda-kaliska
Poland,Kalisz (Gielda Kaliska),30.07.2026,vegetables with greens domestic,0.84 €,0.84 €,bunch,0.0%,https://www.fresh-market.info/price-quotations/poland/kalisz-gielda-kaliska
Poland,Kalisz (Gielda Kaliska),30.07.2026,watermelon import,0.31 €,0.84 €,kg,0.0%,https://www.fresh-market.info/price-quotations/poland/kalisz-gielda-kaliska
Poland,Kalisz (Gielda Kaliska),30.07.2026,young beet domestic,0.42 €,0.63 €,bunch,0.0%,https://www.fresh-market.info/price-quotations/poland/kalisz-gielda-kaliska
Poland,Kalisz (Gielda Kaliska),30.07.2026,zucchini domestic,0.42 €,0.63 €,kg,0.0%,https://www.fresh-market.info/price-quotations/poland/kalisz-gielda-kaliska
Poland,Krakow (Rybitwy),28.07.2026,Jaś Karłowy runner bean,2.09 €,2.3 €,kg,0.0%,https://www.fresh-market.info/price-quotations/poland/krakow-rybitwy
Poland,Krakow (Rybitwy),28.07.2026,apple dried,3.14 €,3.77 €,kg,0.0%,https://www.fresh-market.info/price-quotations/poland/krakow-rybitwy
Poland,Krakow (Rybitwy),28.07.2026,apricot,1.05 €,1.26 €,kg,-53.2%,https://www.fresh-market.info/price-quotations/poland/krakow-rybitwy
Poland,Krakow (Rybitwy),28.07.2026,asparagus,2.93 €,3.14 €,bunch,0.0%,https://www.fresh-market.info/price-quotations/poland/krakow-rybitwy
Poland,Krakow (Rybitwy),28.07.2026,avocado,0.4 €,0.42 €,psc,0.0%,https://www.fresh-market.info/price-quotations/poland/krakow-rybitwy
Poland,Krakow (Rybitwy),28.07.2026,banana,1.01 €,1.15 €,kg,0.0%,https://www.fresh-market.info/price-quotations/poland/krakow-rybitwy
Poland,Krakow (Rybitwy),28.07.2026,been asparagus,2.3 €,2.51 €,kg,+21.1%,https://www.fresh-market.info/price-quotations/poland/krakow-rybitwy
Poland,Krakow (Rybitwy),28.07.2026,beet,0.19 €,0.21 €,kg,0.0%,https://www.fresh-market.info/price-quotations/poland/krakow-rybitwy
Poland,Krakow (Rybitwy),28.07.2026,bilberry wild,7.75 €,8.38 €,kg,0.0%,https://www.fresh-market.info/price-quotations/poland/krakow-rybitwy
Poland,Krakow (Rybitwy),28.07.2026,blackberries / ostrężyny,6.71 €,8.38 €,kg,-62.1%,https://www.fresh-market.info/price-quotations/poland/krakow-rybitwy
Poland,Krakow (Rybitwy),28.07.2026,blueberry American,3.5 €,3.87 €,kg,-4.9%,https://www.fresh-market.info/price-quotations/poland/krakow-rybitwy
Poland,Krakow (Rybitwy),28.07.2026,broad bean,2.93 €,3.14 €,kg,0.0%,https://www.fresh-market.info/price-quotations/poland/krakow-rybitwy
Poland,Krakow (Rybitwy),28.07.2026,broccoli,0.94 €,1.05 €,psc,0.0%,https://www.fresh-market.info/price-quotations/poland/krakow-rybitwy
Poland,Krakow (Rybitwy),28.07.2026,brussels sprouts,1.26 €,1.68 €,kg,0.0%,https://www.fresh-market.info/price-quotations/poland/krakow-rybitwy
Poland,Krakow (Rybitwy),28.07.2026,cabbage red,0.36 €,0.4 €,psc,0.0%,https://www.fresh-market.info/price-quotations/poland/krakow-rybitwy
Poland,Krakow (Rybitwy),28.07.2026,cabbage white,0.25 €,0.29 €,psc,0.0%,https://www.fresh-market.info/price-quotations/poland/krakow-rybitwy
Poland,Krakow (Rybitwy),28.07.2026,carrot,0.46 €,0.5 €,kg,0.0%,https://www.fresh-market.info/price-quotations/poland/krakow-rybitwy
Poland,Krakow (Rybitwy),28.07.2026,cauliflower,0.73 €,1.05 €,psc,+6.3%,https://www.fresh-market.info/price-quotations/poland/krakow-rybitwy
Poland,Krakow (Rybitwy),28.07.2026,cebulka zielona,3.14 €,3.35 €,bunch,0.0%,https://www.fresh-market.info/price-quotations/poland/krakow-rybitwy
Poland,Krakow (Rybitwy),28.07.2026,celery,0.34 €,0.42 €,kg,0.0%,https://www.fresh-market.info/price-quotations/poland/krakow-rybitwy
Poland,Krakow (Rybitwy),28.07.2026,celery stalk,0.79 €,0.84 €,psc,0.0%,https://www.fresh-market.info/price-quotations/poland/krakow-rybitwy
Poland,Krakow (Rybitwy),28.07.2026,cherry,1.74 €,2.09 €,kg,-12.9%,https://www.fresh-market.info/price-quotations/poland/krakow-rybitwy
Poland,Krakow (Rybitwy),28.07.2026,chinese cabbage,1.42 €,1.51 €,psc,0.0%,https://www.fresh-market.info/price-quotations/poland/krakow-rybitwy
Poland,Krakow (Rybitwy),28.07.2026,chives,1.68 €,2.51 €,bunch 10 psc,0.0%,https://www.fresh-market.info/price-quotations/poland/krakow-rybitwy
Poland,Krakow (Rybitwy),28.07.2026,corn,0.34 €,0.42 €,psc,-52.0%,https://www.fresh-market.info/price-quotations/poland/krakow-rybitwy
Poland,Krakow (Rybitwy),28.07.2026,cranberry,5.03 €,6.7 €,kg,0.0%,https://www.fresh-market.info/price-quotations/poland/krakow-rybitwy
Poland,Krakow (Rybitwy),28.07.2026,cucumber glasshouse,0.73 €,1.05 €,kg,+54.6%,https://www.fresh-market.info/price-quotations/poland/krakow-rybitwy
Poland,Krakow (Rybitwy),28.07.2026,cucumbers,0.52 €,0.84 €,kg,-38.1%,https://www.fresh-market.info/price-quotations/poland/krakow-rybitwy
Poland,Krakow (Rybitwy),28.07.2026,currant black,1.68 €,2.09 €,kg,0.0%,https://www.fresh-market.info/price-quotations/poland/krakow-rybitwy
Poland,Krakow (Rybitwy),28.07.2026,currant red,2.09 €,2.3 €,kg,-4.6%,https://www.fresh-market.info/price-quotations/poland/krakow-rybitwy
Poland,Krakow (Rybitwy),28.07.2026,dill,2.51 €,3.14 €,bunch,0.0%,https://www.fresh-market.info/price-quotations/poland/krakow-rybitwy
Poland,Krakow (Rybitwy),28.07.2026,dried apricot,5.86 €,11.52 €,kg,0.0%,https://www.fresh-market.info/price-quotations/poland/krakow-rybitwy
Poland,Krakow (Rybitwy),28.07.2026,dried pear,5.24 €,9.42 €,kg,0.0%,https://www.fresh-market.info/price-quotations/poland/krakow-rybitwy
Poland,Krakow (Rybitwy),28.07.2026,dried plum,2.72 €,3.14 €,kg,0.0%,https://www.fresh-market.info/price-quotations/poland/krakow-rybitwy
Poland,Krakow (Rybitwy),28.07.2026,eggplant,1.3 €,1.4 €,kg,0.0%,https://www.fresh-market.info/price-quotations/poland/krakow-rybitwy
Poland,Krakow (Rybitwy),28.07.2026,figa,0.63 €,0.73 €,psc,0.0%,https://www.fresh-market.info/price-quotations/poland/krakow-rybitwy
Poland,Krakow (Rybitwy),28.07.2026,garlic,3.35 €,3.77 €,bunch,+3.0%,https://www.fresh-market.info/price-quotations/poland/krakow-rybitwy
Poland,Krakow (Rybitwy),28.07.2026,ginger,1.68 €,2.09 €,kg,0.0%,https://www.fresh-market.info/price-quotations/poland/krakow-rybitwy
Poland,Krakow (Rybitwy),28.07.2026,gooseberry,2.09 €,2.3 €,kg,0.0%,https://www.fresh-market.info/price-quotations/poland/krakow-rybitwy
Poland,Krakow (Rybitwy),28.07.2026,grape dark,4.61 €,5.86 €,kg,-3.9%,https://www.fresh-market.info/price-quotations/poland/krakow-rybitwy
Poland,Krakow (Rybitwy),28.07.2026,grape white,5.24 €,6.28 €,kg,0.0%,https://www.fresh-market.info/price-quotations/poland/krakow-rybitwy
Poland,Krakow (Rybitwy),28.07.2026,grapefruit,1.47 €,1.57 €,kg,0.0%,https://www.fresh-market.info/price-quotations/poland/krakow-rybitwy
Poland,Krakow (Rybitwy),28.07.2026,horseradish,3.14 €,3.35 €,kg,0.0%,https://www.fresh-market.info/price-quotations/poland/krakow-rybitwy
Poland,Krakow (Rybitwy),28.07.2026,jabłko: dostępne 15 gatunków,0.59 €,0.63 €,kg,0.0%,https://www.fresh-market.info/price-quotations/poland/krakow-rybitwy
Poland,Krakow (Rybitwy),28.07.2026,jarzynka,0.94 €,1.05 €,tray,0.0%,https://www.fresh-market.info/price-quotations/poland/krakow-rybitwy
Poland,Krakow (Rybitwy),28.07.2026,kiwi,2.3 €,2.51 €,tray,0.0%,https://www.fresh-market.info/price-quotations/poland/krakow-rybitwy
Poland,Krakow (Rybitwy),28.07.2026,kohlrabi,0.34 €,0.42 €,psc,0.0%,https://www.fresh-market.info/price-quotations/poland/krakow-rybitwy
Poland,Krakow (Rybitwy),28.07.2026,leek,0.59 €,0.84 €,kg,0.0%,https://www.fresh-market.info/price-quotations/poland/krakow-rybitwy
Poland,Krakow (Rybitwy),28.07.2026,lemon,2.3 €,2.51 €,kg,0.0%,https://www.fresh-market.info/price-quotations/poland/krakow-rybitwy
Poland,Krakow (Rybitwy),28.07.2026,lettuce butterhead,0.36 €,0.42 €,psc,0.0%,https://www.fresh-market.info/price-quotations/poland/krakow-rybitwy
Poland,Krakow (Rybitwy),28.07.2026,lettuce iceberg,0.61 €,0.65 €,psc,0.0%,https://www.fresh-market.info/price-quotations/poland/krakow-rybitwy
Poland,Krakow (Rybitwy),28.07.2026,lime,2.93 €,3.14 €,kg,0.0%,https://www.fresh-market.info/price-quotations/poland/krakow-rybitwy
Poland,Krakow (Rybitwy),28.07.2026,mandarin,1.88 €,2.09 €,kg,0.0%,https://www.fresh-market.info/price-quotations/poland/krakow-rybitwy
Poland,Krakow (Rybitwy),28.07.2026,mangoes,1.47 €,3.14 €,psc,0.0%,https://www.fresh-market.info/price-quotations/poland/krakow-rybitwy
Poland,Krakow (Rybitwy),28.07.2026,melon,0.84 €,1.05 €,kg,0.0%,https://www.fresh-market.info/price-quotations/poland/krakow-rybitwy
Poland,Krakow (Rybitwy),28.07.2026,mushroom,2.09 €,2.3 €,kg,0.0%,https://www.fresh-market.info/price-quotations/poland/krakow-rybitwy
Poland,Krakow (Rybitwy),28.07.2026,mushrooms dried,0.84 €,1.47 €,100g,0.0%,https://www.fresh-market.info/price-quotations/poland/krakow-rybitwy
Poland,Krakow (Rybitwy),28.07.2026,nectarines,1.88 €,2.51 €,kg,0.0%,https://www.fresh-market.info/price-quotations/poland/krakow-rybitwy
Poland,Krakow (Rybitwy),28.07.2026,onion,0.25 €,0.29 €,kg,0.0%,https://www.fresh-market.info/price-quotations/poland/krakow-rybitwy
Poland,Krakow (Rybitwy),28.07.2026,orange,1.15 €,1.47 €,kg,0.0%,https://www.fresh-market.info/price-quotations/poland/krakow-rybitwy
Poland,Krakow (Rybitwy),28.07.2026,parsley,0.5 €,0.63 €,kg,0.0%,https://www.fresh-market.info/price-quotations/poland/krakow-rybitwy
Poland,Krakow (Rybitwy),28.07.2026,parsley leaves,2.51 €,3.14 €,bunch 10 psc,0.0%,https://www.fresh-market.info/price-quotations/poland/krakow-rybitwy
Poland,Krakow (Rybitwy),28.07.2026,peach,1.15 €,1.26 €,kg,-23.3%,https://www.fresh-market.info/price-quotations/poland/krakow-rybitwy
Poland,Krakow (Rybitwy),28.07.2026,pear,1.26 €,1.47 €,kg,0.0%,https://www.fresh-market.info/price-quotations/poland/krakow-rybitwy
Poland,Krakow (Rybitwy),28.07.2026,pepper red,2.01 €,2.3 €,kg,0.0%,https://www.fresh-market.info/price-quotations/poland/krakow-rybitwy
Poland,Krakow (Rybitwy),28.07.2026,pickled gherkins,1.88 €,2.09 €,kg,0.0%,https://www.fresh-market.info/price-quotations/poland/krakow-rybitwy
Poland,Krakow (Rybitwy),28.07.2026,pineapple,1.47 €,1.57 €,psc,0.0%,https://www.fresh-market.info/price-quotations/poland/krakow-rybitwy
Poland,Krakow (Rybitwy),28.07.2026,plum,0.63 €,1.05 €,kg,-33.3%,https://www.fresh-market.info/price-quotations/poland/krakow-rybitwy
Poland,Krakow (Rybitwy),28.07.2026,pomegranate,1.05 €,1.26 €,psc,0.0%,https://www.fresh-market.info/price-quotations/poland/krakow-rybitwy
Poland,Krakow (Rybitwy),28.07.2026,pomelo,1.26 €,1.88 €,psc,0.0%,https://www.fresh-market.info/price-quotations/poland/krakow-rybitwy
Poland,Krakow (Rybitwy),28.07.2026,potatoes,0.19 €,0.21 €,1 kg,0.0%,https://www.fresh-market.info/price-quotations/poland/krakow-rybitwy
Poland,Krakow (Rybitwy),28.07.2026,potatoes early,0.15 €,0.17 €,kg,-16.7%,https://www.fresh-market.info/price-quotations/poland/krakow-rybitwy
Poland,Krakow (Rybitwy),28.07.2026,"pumpkin various rodzaje halloween, hokkaido",1.88 €,2.09 €,kg,0.0%,https://www.fresh-market.info/price-quotations/poland/krakow-rybitwy
Poland,Krakow (Rybitwy),28.07.2026,radish,0.34 €,0.42 €,bunch,0.0%,https://www.fresh-market.info/price-quotations/poland/krakow-rybitwy
Poland,Krakow (Rybitwy),28.07.2026,radish black,0.63 €,1.05 €,kg,0.0%,https://www.fresh-market.info/price-quotations/poland/krakow-rybitwy
Poland,Krakow (Rybitwy),28.07.2026,radish white,0.84 €,1.05 €,kg,0.0%,https://www.fresh-market.info/price-quotations/poland/krakow-rybitwy
Poland,Krakow (Rybitwy),28.07.2026,raspberry,3.35 €,4.19 €,kg,0.0%,https://www.fresh-market.info/price-quotations/poland/krakow-rybitwy
Poland,Krakow (Rybitwy),28.07.2026,sauerkraut,0.63 €,0.84 €,kg,0.0%,https://www.fresh-market.info/price-quotations/poland/krakow-rybitwy
Poland,Krakow (Rybitwy),28.07.2026,savoy cabbage,0.67 €,0.86 €,psc,0.0%,https://www.fresh-market.info/price-quotations/poland/krakow-rybitwy
Poland,Krakow (Rybitwy),28.07.2026,spinach,0.73 €,0.84 €,bunch,0.0%,https://www.fresh-market.info/price-quotations/poland/krakow-rybitwy
Poland,Krakow (Rybitwy),28.07.2026,strawberry Poland,4.61 €,5.03 €,kg,+2.2%,https://www.fresh-market.info/price-quotations/poland/krakow-rybitwy
Poland,Krakow (Rybitwy),28.07.2026,strawberry zagraniczna,4.19 €,4.61 €,kg,0.0%,https://www.fresh-market.info/price-quotations/poland/krakow-rybitwy
Poland,Krakow (Rybitwy),28.07.2026,susz mix fruits,3.77 €,3.98 €,kg,0.0%,https://www.fresh-market.info/price-quotations/poland/krakow-rybitwy
Poland,Krakow (Rybitwy),28.07.2026,sweet cherry,2.09 €,2.3 €,kg,-19.2%,https://www.fresh-market.info/price-quotations/poland/krakow-rybitwy
Poland,Krakow (Rybitwy),28.07.2026,sweet potato,1.36 €,1.47 €,kg,0.0%,https://www.fresh-market.info/price-quotations/poland/krakow-rybitwy
Poland,Krakow (Rybitwy),28.07.2026,tomato,0.94 €,1.05 €,kg,0.0%,https://www.fresh-market.info/price-quotations/poland/krakow-rybitwy
Poland,Krakow (Rybitwy),28.07.2026,tomato lima,1.47 €,1.57 €,kg,-3.3%,https://www.fresh-market.info/price-quotations/poland/krakow-rybitwy
Poland,Krakow (Rybitwy),28.07.2026,tomato raspberry,0.94 €,1.05 €,kg,-5.0%,https://www.fresh-market.info/price-quotations/poland/krakow-rybitwy
Poland,Krakow (Rybitwy),28.07.2026,watermelon,0.63 €,1.26 €,kg,+63.6%,https://www.fresh-market.info/price-quotations/poland/krakow-rybitwy
Poland,Krakow (Rybitwy),28.07.2026,yellow pepper,1.38 €,1.68 €,kg,0.0%,https://www.fresh-market.info/price-quotations/poland/krakow-rybitwy
Poland,Krakow (Rybitwy),28.07.2026,young beet,4.19 €,5.24 €,bunch 10szt,0.0%,https://www.fresh-market.info/price-quotations/poland/krakow-rybitwy
Poland,Krakow (Rybitwy),28.07.2026,zucchini,0.52 €,0.84 €,kg,0.0%,https://www.fresh-market.info/price-quotations/poland/krakow-rybitwy
Poland,Krakow (Rybitwy),28.07.2026,łosoś,18.85 €,23.04 €,kg,0.0%,https://www.fresh-market.info/price-quotations/poland/krakow-rybitwy
Poland,Lodz (Zjazdowa),30.07.2026,Early leeks,4.19 €,6.28 €,"10,00 psc",0.0%,https://www.fresh-market.info/price-quotations/poland/lodz-zjazdowa
Poland,Lodz (Zjazdowa),30.07.2026,apple Champion,5.24 €,10.47 €,"15,00 kg",0.0%,https://www.fresh-market.info/price-quotations/poland/lodz-zjazdowa
Poland,Lodz (Zjazdowa),30.07.2026,apple Idared,4.19 €,8.38 €,"15,00 kg",0.0%,https://www.fresh-market.info/price-quotations/poland/lodz-zjazdowa
Poland,Lodz (Zjazdowa),30.07.2026,apple Ligol,6.28 €,10.47 €,"15,00 kg",0.0%,https://www.fresh-market.info/price-quotations/poland/lodz-zjazdowa
Poland,Lodz (Zjazdowa),30.07.2026,apple Lobo,6.28 €,12.57 €,"15,00 kg",0.0%,https://www.fresh-market.info/price-quotations/poland/lodz-zjazdowa
Poland,Lodz (Zjazdowa),30.07.2026,apple empire,6.28 €,10.47 €,"15,00 kg",0.0%,https://www.fresh-market.info/price-quotations/poland/lodz-zjazdowa
Poland,Lodz (Zjazdowa),30.07.2026,apple geneva early,8.38 €,12.57 €,"15,00 kg",0.0%,https://www.fresh-market.info/price-quotations/poland/lodz-zjazdowa
Poland,Lodz (Zjazdowa),30.07.2026,apple grey reinette,6.28 €,12.57 €,"15,00 kg",0.0%,https://www.fresh-market.info/price-quotations/poland/lodz-zjazdowa
Poland,Lodz (Zjazdowa),30.07.2026,apple jonaprince,6.28 €,10.47 €,"15,00 kg",0.0%,https://www.fresh-market.info/price-quotations/poland/lodz-zjazdowa
Poland,Lodz (Zjazdowa),30.07.2026,apple julired,6.28 €,14.66 €,"15,00 kg",0.0%,https://www.fresh-market.info/price-quotations/poland/lodz-zjazdowa
Poland,Lodz (Zjazdowa),30.07.2026,apple papierówka,8.38 €,14.66 €,"15,00 kg",0.0%,https://www.fresh-market.info/price-quotations/poland/lodz-zjazdowa
Poland,Lodz (Zjazdowa),30.07.2026,apple piros early,8.38 €,16.75 €,"15,00 kg",0.0%,https://www.fresh-market.info/price-quotations/poland/lodz-zjazdowa
Poland,Lodz (Zjazdowa),30.07.2026,apricot,1.88 €,2.51 €,"1,00 kg",0.0%,https://www.fresh-market.info/price-quotations/poland/lodz-zjazdowa
Poland,Lodz (Zjazdowa),30.07.2026,arugula,0.84 €,1.05 €,"100,00 g",0.0%,https://www.fresh-market.info/price-quotations/poland/lodz-zjazdowa
Poland,Lodz (Zjazdowa),30.07.2026,avocado,1.05 €,1.26 €,"1,00 psc",0.0%,https://www.fresh-market.info/price-quotations/poland/lodz-zjazdowa
Poland,Lodz (Zjazdowa),30.07.2026,avocado hass,1.26 €,1.47 €,"1,00 psc",0.0%,https://www.fresh-market.info/price-quotations/poland/lodz-zjazdowa
Poland,Lodz (Zjazdowa),30.07.2026,banana,12.57 €,23.04 €,"18,00 kg",0.0%,https://www.fresh-market.info/price-quotations/poland/lodz-zjazdowa
Poland,Lodz (Zjazdowa),30.07.2026,basil small,0.84 €,1.05 €,"1,00 psc",0.0%,https://www.fresh-market.info/price-quotations/poland/lodz-zjazdowa
Poland,Lodz (Zjazdowa),30.07.2026,been green,2.51 €,3.77 €,"1,00 kg",0.0%,https://www.fresh-market.info/price-quotations/poland/lodz-zjazdowa
Poland,Lodz (Zjazdowa),30.07.2026,been yellow,2.51 €,3.77 €,"1,00 kg",0.0%,https://www.fresh-market.info/price-quotations/poland/lodz-zjazdowa
Poland,Lodz (Zjazdowa),30.07.2026,beet,2.09 €,3.35 €,"10,00 kg",0.0%,https://www.fresh-market.info/price-quotations/poland/lodz-zjazdowa
Poland,Lodz (Zjazdowa),30.07.2026,berry,8.38 €,10.47 €,"1,00 kg",0.0%,https://www.fresh-market.info/price-quotations/poland/lodz-zjazdowa
Poland,Lodz (Zjazdowa),30.07.2026,blackberry,1.68 €,2.62 €,"250,00 g",0.0%,https://www.fresh-market.info/price-quotations/poland/lodz-zjazdowa
Poland,Lodz (Zjazdowa),30.07.2026,blueberry,0.94 €,1.05 €,"250,00 g",0.0%,https://www.fresh-market.info/price-quotations/poland/lodz-zjazdowa
Poland,Lodz (Zjazdowa),30.07.2026,blueberry loose,2.51 €,3.77 €,"1,00 kg",0.0%,https://www.fresh-market.info/price-quotations/poland/lodz-zjazdowa
Poland,Lodz (Zjazdowa),30.07.2026,broad bean,1.47 €,1.68 €,"500,00 g",0.0%,https://www.fresh-market.info/price-quotations/poland/lodz-zjazdowa
Poland,Lodz (Zjazdowa),30.07.2026,broccoli,0.63 €,1.05 €,"1,00 psc",0.0%,https://www.fresh-market.info/price-quotations/poland/lodz-zjazdowa
Poland,Lodz (Zjazdowa),30.07.2026,cabbage,4.19 €,5.86 €,sack,0.0%,https://www.fresh-market.info/price-quotations/poland/lodz-zjazdowa
Poland,Lodz (Zjazdowa),30.07.2026,cabbage red,2.09 €,4.19 €,"10,00 kg",0.0%,https://www.fresh-market.info/price-quotations/poland/lodz-zjazdowa
Poland,Lodz (Zjazdowa),30.07.2026,cabbage szatkowana,3.14 €,4.19 €,"10,00 kg",0.0%,https://www.fresh-market.info/price-quotations/poland/lodz-zjazdowa
Poland,Lodz (Zjazdowa),30.07.2026,cabbage white fresh-grown,0.42 €,0.84 €,"1,00 psc",0.0%,https://www.fresh-market.info/price-quotations/poland/lodz-zjazdowa
Poland,Lodz (Zjazdowa),30.07.2026,carrots,3.77 €,5.45 €,"10,00 kg",0.0%,https://www.fresh-market.info/price-quotations/poland/lodz-zjazdowa
Poland,Lodz (Zjazdowa),30.07.2026,cauliflower,0.63 €,1.47 €,"1,00 psc",0.0%,https://www.fresh-market.info/price-quotations/poland/lodz-zjazdowa
Poland,Lodz (Zjazdowa),30.07.2026,celery,3.14 €,5.24 €,"5,00 kg",0.0%,https://www.fresh-market.info/price-quotations/poland/lodz-zjazdowa
Poland,Lodz (Zjazdowa),30.07.2026,celery stalk,1.05 €,1.47 €,"1,00 psc",0.0%,https://www.fresh-market.info/price-quotations/poland/lodz-zjazdowa
Poland,Lodz (Zjazdowa),30.07.2026,cherry,1.26 €,2.51 €,"1,00 kg",0.0%,https://www.fresh-market.info/price-quotations/poland/lodz-zjazdowa
Poland,Lodz (Zjazdowa),30.07.2026,cherry szklanka,2.09 €,2.51 €,"1,00 kg",0.0%,https://www.fresh-market.info/price-quotations/poland/lodz-zjazdowa
Poland,Lodz (Zjazdowa),30.07.2026,chicory,1.68 €,1.88 €,"1,00 psc",0.0%,https://www.fresh-market.info/price-quotations/poland/lodz-zjazdowa
Poland,Lodz (Zjazdowa),30.07.2026,chinese cabbage,3.14 €,5.24 €,"5,00 kg",0.0%,https://www.fresh-market.info/price-quotations/poland/lodz-zjazdowa
Poland,Lodz (Zjazdowa),30.07.2026,chives,1.88 €,3.77 €,"10,00 psc",0.0%,https://www.fresh-market.info/price-quotations/poland/lodz-zjazdowa
Poland,Lodz (Zjazdowa),30.07.2026,chives small,0.63 €,0.84 €,"1,00 psc",0.0%,https://www.fresh-market.info/price-quotations/poland/lodz-zjazdowa
Poland,Lodz (Zjazdowa),30.07.2026,coriander small,0.84 €,1.05 €,"1,00 psc",0.0%,https://www.fresh-market.info/price-quotations/poland/lodz-zjazdowa
Poland,Lodz (Zjazdowa),30.07.2026,corn,1.05 €,1.26 €,"1,00 psc",0.0%,https://www.fresh-market.info/price-quotations/poland/lodz-zjazdowa
Poland,Lodz (Zjazdowa),30.07.2026,cucumber,1.05 €,1.68 €,"1,00 kg",0.0%,https://www.fresh-market.info/price-quotations/poland/lodz-zjazdowa
Poland,Lodz (Zjazdowa),30.07.2026,cucumber kiszeniak,1.05 €,1.68 €,"1,00 kg",0.0%,https://www.fresh-market.info/price-quotations/poland/lodz-zjazdowa
Poland,Lodz (Zjazdowa),30.07.2026,cucumber lightly salted,1.47 €,2.51 €,"1,00 kg",0.0%,https://www.fresh-market.info/price-quotations/poland/lodz-zjazdowa
Poland,Lodz (Zjazdowa),30.07.2026,currant black,3.14 €,4.19 €,"1,00 kg",0.0%,https://www.fresh-market.info/price-quotations/poland/lodz-zjazdowa
Poland,Lodz (Zjazdowa),30.07.2026,currant red,2.09 €,2.93 €,"1,00 kg",0.0%,https://www.fresh-market.info/price-quotations/poland/lodz-zjazdowa
Poland,Lodz (Zjazdowa),30.07.2026,dill,2.09 €,4.19 €,"10,00 psc",0.0%,https://www.fresh-market.info/price-quotations/poland/lodz-zjazdowa
Poland,Lodz (Zjazdowa),30.07.2026,flat-leaf parsley,2.09 €,3.35 €,"10,00 psc",0.0%,https://www.fresh-market.info/price-quotations/poland/lodz-zjazdowa
Poland,Lodz (Zjazdowa),30.07.2026,garlic,0.21 €,0.63 €,"1,00 psc",0.0%,https://www.fresh-market.info/price-quotations/poland/lodz-zjazdowa
Poland,Lodz (Zjazdowa),30.07.2026,ginger,2.93 €,3.35 €,"1,00 kg",0.0%,https://www.fresh-market.info/price-quotations/poland/lodz-zjazdowa
Poland,Lodz (Zjazdowa),30.07.2026,gooseberry red,2.51 €,3.35 €,"1,00 kg",0.0%,https://www.fresh-market.info/price-quotations/poland/lodz-zjazdowa
Poland,Lodz (Zjazdowa),30.07.2026,gooseberry rose large,3.77 €,5.03 €,"1,00 kg",0.0%,https://www.fresh-market.info/price-quotations/poland/lodz-zjazdowa
Poland,Lodz (Zjazdowa),30.07.2026,gooseberry white,2.93 €,4.19 €,"1,00 kg",0.0%,https://www.fresh-market.info/price-quotations/poland/lodz-zjazdowa
Poland,Lodz (Zjazdowa),30.07.2026,grape dark Italian,3.77 €,4.19 €,"1,00 kg",0.0%,https://www.fresh-market.info/price-quotations/poland/lodz-zjazdowa
Poland,Lodz (Zjazdowa),30.07.2026,grape light Italian,2.51 €,4.19 €,"1,00 kg",0.0%,https://www.fresh-market.info/price-quotations/poland/lodz-zjazdowa
Poland,Lodz (Zjazdowa),30.07.2026,grapefruit red,1.47 €,1.88 €,"1,00 kg",0.0%,https://www.fresh-market.info/price-quotations/poland/lodz-zjazdowa
Poland,Lodz (Zjazdowa),30.07.2026,horseradish,12.57 €,18.85 €,"5,00 kg",0.0%,https://www.fresh-market.info/price-quotations/poland/lodz-zjazdowa
Poland,Lodz (Zjazdowa),30.07.2026,kiwi Gold,0.94 €,1.26 €,"1,00 psc",0.0%,https://www.fresh-market.info/price-quotations/poland/lodz-zjazdowa
Poland,Lodz (Zjazdowa),30.07.2026,kiwi basket,2.72 €,3.14 €,"1,00 kg",0.0%,https://www.fresh-market.info/price-quotations/poland/lodz-zjazdowa
Poland,Lodz (Zjazdowa),30.07.2026,kiwi new Zealand,0.52 €,0.73 €,"1,00 psc",0.0%,https://www.fresh-market.info/price-quotations/poland/lodz-zjazdowa
Poland,Lodz (Zjazdowa),30.07.2026,kohlrabi,3.14 €,5.24 €,"10,00 psc",0.0%,https://www.fresh-market.info/price-quotations/poland/lodz-zjazdowa
Poland,Lodz (Zjazdowa),30.07.2026,leaf laurowy,3.56 €,5.03 €,"1,00 psc",0.0%,https://www.fresh-market.info/price-quotations/poland/lodz-zjazdowa
Poland,Lodz (Zjazdowa),30.07.2026,leek,3.14 €,5.24 €,"10,00 psc",0.0%,https://www.fresh-market.info/price-quotations/poland/lodz-zjazdowa
Poland,Lodz (Zjazdowa),30.07.2026,lemon South Africa,1.68 €,2.09 €,"1,00 kg",0.0%,https://www.fresh-market.info/price-quotations/poland/lodz-zjazdowa
Poland,Lodz (Zjazdowa),30.07.2026,lettuce,0.52 €,0.73 €,"1,00 psc",0.0%,https://www.fresh-market.info/price-quotations/poland/lodz-zjazdowa
Poland,Lodz (Zjazdowa),30.07.2026,lettuce iceberg,0.63 €,1.05 €,"1,00 psc",0.0%,https://www.fresh-market.info/price-quotations/poland/lodz-zjazdowa
Poland,Lodz (Zjazdowa),30.07.2026,lettuce mix,0.94 €,1.05 €,"150,00 g",0.0%,https://www.fresh-market.info/price-quotations/poland/lodz-zjazdowa
Poland,Lodz (Zjazdowa),30.07.2026,lettuce roman,1.05 €,1.26 €,"1,00 psc",0.0%,https://www.fresh-market.info/price-quotations/poland/lodz-zjazdowa
Poland,Lodz (Zjazdowa),30.07.2026,lime,3.14 €,3.77 €,"1,00 kg",0.0%,https://www.fresh-market.info/price-quotations/poland/lodz-zjazdowa
Poland,Lodz (Zjazdowa),30.07.2026,lovage small,0.84 €,1.05 €,"1,00 psc",0.0%,https://www.fresh-market.info/price-quotations/poland/lodz-zjazdowa
Poland,Lodz (Zjazdowa),30.07.2026,mandarin South Africa,1.57 €,2.3 €,"1,00 kg",0.0%,https://www.fresh-market.info/price-quotations/poland/lodz-zjazdowa
Poland,Lodz (Zjazdowa),30.07.2026,mangoes,1.26 €,1.68 €,"1,00 psc",0.0%,https://www.fresh-market.info/price-quotations/poland/lodz-zjazdowa
Poland,Lodz (Zjazdowa),30.07.2026,melisa small,0.84 €,1.05 €,"1,00 psc",0.0%,https://www.fresh-market.info/price-quotations/poland/lodz-zjazdowa
Poland,Lodz (Zjazdowa),30.07.2026,melon,2.09 €,2.51 €,"1,00 psc",0.0%,https://www.fresh-market.info/price-quotations/poland/lodz-zjazdowa
Poland,Lodz (Zjazdowa),30.07.2026,mint big,1.26 €,1.47 €,"1,00 psc",0.0%,https://www.fresh-market.info/price-quotations/poland/lodz-zjazdowa
Poland,Lodz (Zjazdowa),30.07.2026,mint small,0.84 €,1.05 €,"1,00 psc",0.0%,https://www.fresh-market.info/price-quotations/poland/lodz-zjazdowa
Poland,Lodz (Zjazdowa),30.07.2026,mushroom,4.19 €,7.33 €,"3,00 kg",0.0%,https://www.fresh-market.info/price-quotations/poland/lodz-zjazdowa
Poland,Lodz (Zjazdowa),30.07.2026,nectarine,1.26 €,2.09 €,"1,00 kg",0.0%,https://www.fresh-market.info/price-quotations/poland/lodz-zjazdowa
Poland,Lodz (Zjazdowa),30.07.2026,onion shallot,5.24 €,8.38 €,"5,00 kg",0.0%,https://www.fresh-market.info/price-quotations/poland/lodz-zjazdowa
Poland,Lodz (Zjazdowa),30.07.2026,onion spring with chives,2.09 €,7.33 €,"10,00 psc",0.0%,https://www.fresh-market.info/price-quotations/poland/lodz-zjazdowa
Poland,Lodz (Zjazdowa),30.07.2026,onion with skin,3.77 €,6.28 €,"15,00 kg",0.0%,https://www.fresh-market.info/price-quotations/poland/lodz-zjazdowa
Poland,Lodz (Zjazdowa),30.07.2026,orange,1.47 €,1.88 €,"1,00 kg",0.0%,https://www.fresh-market.info/price-quotations/poland/lodz-zjazdowa
Poland,Lodz (Zjazdowa),30.07.2026,parsley,5.86 €,6.91 €,"5,00 kg",0.0%,https://www.fresh-market.info/price-quotations/poland/lodz-zjazdowa
Poland,Lodz (Zjazdowa),30.07.2026,peach,14.66 €,18.85 €,"10,00 kg",0.0%,https://www.fresh-market.info/price-quotations/poland/lodz-zjazdowa
Poland,Lodz (Zjazdowa),30.07.2026,peach ufo,1.88 €,2.51 €,"1,00 kg",0.0%,https://www.fresh-market.info/price-quotations/poland/lodz-zjazdowa
Poland,Lodz (Zjazdowa),30.07.2026,pear Conference,18.85 €,20.94 €,"12,00 kg",0.0%,https://www.fresh-market.info/price-quotations/poland/lodz-zjazdowa
Poland,Lodz (Zjazdowa),30.07.2026,pepper blondy,5.24 €,7.33 €,"5,00 kg",0.0%,https://www.fresh-market.info/price-quotations/poland/lodz-zjazdowa
Poland,Lodz (Zjazdowa),30.07.2026,pepper chili,4.19 €,5.24 €,"1,00 kg",0.0%,https://www.fresh-market.info/price-quotations/poland/lodz-zjazdowa
Poland,Lodz (Zjazdowa),30.07.2026,pepper green,5.24 €,7.33 €,"5,00 kg",0.0%,https://www.fresh-market.info/price-quotations/poland/lodz-zjazdowa
Poland,Lodz (Zjazdowa),30.07.2026,pepper red,7.33 €,10.47 €,"5,00 kg",0.0%,https://www.fresh-market.info/price-quotations/poland/lodz-zjazdowa
Poland,Lodz (Zjazdowa),30.07.2026,pickled gherkins,1.68 €,2.3 €,"1,00 kg",0.0%,https://www.fresh-market.info/price-quotations/poland/lodz-zjazdowa
Poland,Lodz (Zjazdowa),30.07.2026,pineapple,1.05 €,3.56 €,"1,00 psc",0.0%,https://www.fresh-market.info/price-quotations/poland/lodz-zjazdowa
Poland,Lodz (Zjazdowa),30.07.2026,pineapple honey,3.77 €,4.19 €,"1,00 psc",0.0%,https://www.fresh-market.info/price-quotations/poland/lodz-zjazdowa
Poland,Lodz (Zjazdowa),30.07.2026,pitahaya( smoczy owoc),4.19 €,5.65 €,"1,00 psc",0.0%,https://www.fresh-market.info/price-quotations/poland/lodz-zjazdowa
Poland,Lodz (Zjazdowa),30.07.2026,plum,0.63 €,1.88 €,"1,00 kg",0.0%,https://www.fresh-market.info/price-quotations/poland/lodz-zjazdowa
Poland,Lodz (Zjazdowa),30.07.2026,potato,2.09 €,4.19 €,"15,00 kg",0.0%,https://www.fresh-market.info/price-quotations/poland/lodz-zjazdowa
Poland,Lodz (Zjazdowa),30.07.2026,pumpkin,1.05 €,1.68 €,"1,00 kg",0.0%,https://www.fresh-market.info/price-quotations/poland/lodz-zjazdowa
Poland,Lodz (Zjazdowa),30.07.2026,radish,0.31 €,0.52 €,"1,00 psc",0.0%,https://www.fresh-market.info/price-quotations/poland/lodz-zjazdowa
Poland,Lodz (Zjazdowa),30.07.2026,raspberry,1.57 €,2.62 €,"250,00 g",0.0%,https://www.fresh-market.info/price-quotations/poland/lodz-zjazdowa
Poland,Lodz (Zjazdowa),30.07.2026,red onion,2.09 €,4.19 €,"5,00 kg",0.0%,https://www.fresh-market.info/price-quotations/poland/lodz-zjazdowa
Poland,Lodz (Zjazdowa),30.07.2026,rosemary large,2.09 €,2.51 €,"1,00 psc",0.0%,https://www.fresh-market.info/price-quotations/poland/lodz-zjazdowa
Poland,Lodz (Zjazdowa),30.07.2026,rosemary small,0.84 €,1.05 €,"1,00 psc",0.0%,https://www.fresh-market.info/price-quotations/poland/lodz-zjazdowa
Poland,Lodz (Zjazdowa),30.07.2026,sauerkraut,0.63 €,1.05 €,"1,00 kg",0.0%,https://www.fresh-market.info/price-quotations/poland/lodz-zjazdowa
Poland,Lodz (Zjazdowa),30.07.2026,savoy cabbage,1.05 €,1.68 €,"1,00 psc",0.0%,https://www.fresh-market.info/price-quotations/poland/lodz-zjazdowa
Poland,Lodz (Zjazdowa),30.07.2026,strawberry,4.19 €,7.33 €,"2,00 kg",0.0%,https://www.fresh-market.info/price-quotations/poland/lodz-zjazdowa
Poland,Lodz (Zjazdowa),30.07.2026,sweet cherry,3.14 €,3.77 €,"1,00 kg",0.0%,https://www.fresh-market.info/price-quotations/poland/lodz-zjazdowa
Poland,Lodz (Zjazdowa),30.07.2026,sweet cherry kordia,3.14 €,4.19 €,"1,00 kg",0.0%,https://www.fresh-market.info/price-quotations/poland/lodz-zjazdowa
Poland,Lodz (Zjazdowa),30.07.2026,sweet cherry regina,1.88 €,3.77 €,"1,00 kg",0.0%,https://www.fresh-market.info/price-quotations/poland/lodz-zjazdowa
Poland,Lodz (Zjazdowa),30.07.2026,sweet potato,1.47 €,2.09 €,"1,00 kg",0.0%,https://www.fresh-market.info/price-quotations/poland/lodz-zjazdowa
Poland,Lodz (Zjazdowa),30.07.2026,tomato,5.03 €,7.33 €,"6,00 kg",0.0%,https://www.fresh-market.info/price-quotations/poland/lodz-zjazdowa
Poland,Lodz (Zjazdowa),30.07.2026,tomato cherry Spain,1.26 €,1.68 €,"250,00 g",0.0%,https://www.fresh-market.info/price-quotations/poland/lodz-zjazdowa
Poland,Lodz (Zjazdowa),30.07.2026,tomato cherry branch,3.56 €,3.98 €,"1,00 kg",0.0%,https://www.fresh-market.info/price-quotations/poland/lodz-zjazdowa
Poland,Lodz (Zjazdowa),30.07.2026,tomato raspberry,5.24 €,7.33 €,"6,00 kg",0.0%,https://www.fresh-market.info/price-quotations/poland/lodz-zjazdowa
Poland,Lodz (Zjazdowa),30.07.2026,vegetables early,8.38 €,10.47 €,"10,00 psc",0.0%,https://www.fresh-market.info/price-quotations/poland/lodz-zjazdowa
Poland,Lodz (Zjazdowa),30.07.2026,watermelon,0.38 €,0.84 €,"1,00 kg",0.0%,https://www.fresh-market.info/price-quotations/poland/lodz-zjazdowa
Poland,Lodz (Zjazdowa),30.07.2026,watermelon seedless,1.15 €,1.36 €,"1,00 kg",0.0%,https://www.fresh-market.info/price-quotations/poland/lodz-zjazdowa
Poland,Lodz (Zjazdowa),30.07.2026,young beet,4.19 €,8.38 €,"10,00 psc",0.0%,https://www.fresh-market.info/price-quotations/poland/lodz-zjazdowa
Poland,Lodz (Zjazdowa),30.07.2026,zucchini,0.63 €,1.05 €,"1,00 kg",0.0%,https://www.fresh-market.info/price-quotations/poland/lodz-zjazdowa
Poland,Lublin (LRH),28.07.2026,almond,9.63 €,9.63 €,kg,0.0%,https://www.fresh-market.info/price-quotations/poland/lublin-lrh
Poland,Lublin (LRH),28.07.2026,apple Lobo,0.56 €,1.12 €,kg,+14.1%,https://www.fresh-market.info/price-quotations/poland/lublin-lrh
Poland,Lublin (LRH),28.07.2026,apple Prince,0.63 €,0.9 €,kg,+2.8%,https://www.fresh-market.info/price-quotations/poland/lublin-lrh
Poland,Lublin (LRH),28.07.2026,apple genewa,0.7 €,1.36 €,kg,+5.3%,https://www.fresh-market.info/price-quotations/poland/lublin-lrh
Poland,Lublin (LRH),28.07.2026,apple piros,0.7 €,1.36 €,kg,+85.5%,https://www.fresh-market.info/price-quotations/poland/lublin-lrh
Poland,Lublin (LRH),28.07.2026,apple rubin,0.63 €,0.9 €,kg,-2.7%,https://www.fresh-market.info/price-quotations/poland/lublin-lrh
Poland,Lublin (LRH),28.07.2026,apricot imp,1.68 €,2.3 €,kg,-13.6%,https://www.fresh-market.info/price-quotations/poland/lublin-lrh
Poland,Lublin (LRH),28.07.2026,apricot pl,1.38 €,2.3 €,kg,-2.2%,https://www.fresh-market.info/price-quotations/poland/lublin-lrh
Poland,Lublin (LRH),28.07.2026,avocado,0.94 €,0.94 €,psc,0.0%,https://www.fresh-market.info/price-quotations/poland/lublin-lrh
Poland,Lublin (LRH),28.07.2026,bananas,1.01 €,1.36 €,kg,0.0%,https://www.fresh-market.info/price-quotations/poland/lublin-lrh
Poland,Lublin (LRH),28.07.2026,basil herbst fresh,2.72 €,2.72 €,psc,+36.8%,https://www.fresh-market.info/price-quotations/poland/lublin-lrh
Poland,Lublin (LRH),28.07.2026,been jaś karłowy,1.47 €,1.47 €,kg,0.0%,https://www.fresh-market.info/price-quotations/poland/lublin-lrh
Poland,Lublin (LRH),28.07.2026,been jaś large,6.28 €,6.28 €,kg,0.0%,https://www.fresh-market.info/price-quotations/poland/lublin-lrh
Poland,Lublin (LRH),28.07.2026,been small aura,1.88 €,1.88 €,kg,0.0%,https://www.fresh-market.info/price-quotations/poland/lublin-lrh
Poland,Lublin (LRH),28.07.2026,beet greens,0.84 €,0.84 €,bunch,0.0%,https://www.fresh-market.info/price-quotations/poland/lublin-lrh
Poland,Lublin (LRH),28.07.2026,beet red early,0.42 €,0.63 €,kg,0.0%,https://www.fresh-market.info/price-quotations/poland/lublin-lrh
Poland,Lublin (LRH),28.07.2026,berry,10.05 €,11.52 €,kg,-1.9%,https://www.fresh-market.info/price-quotations/poland/lublin-lrh
Poland,Lublin (LRH),28.07.2026,blackberries,1.57 €,1.57 €,250g,-25.0%,https://www.fresh-market.info/price-quotations/poland/lublin-lrh
Poland,Lublin (LRH),28.07.2026,blueberry,3.14 €,4.19 €,kg,-16.7%,https://www.fresh-market.info/price-quotations/poland/lublin-lrh
Poland,Lublin (LRH),28.07.2026,broad bean,2.3 €,3.14 €,kg,0.0%,https://www.fresh-market.info/price-quotations/poland/lublin-lrh
Poland,Lublin (LRH),28.07.2026,broccoli,1.05 €,1.26 €,psc,0.0%,https://www.fresh-market.info/price-quotations/poland/lublin-lrh
Poland,Lublin (LRH),28.07.2026,bystra woda (5l),0.7 €,0.7 €,psc,0.0%,https://www.fresh-market.info/price-quotations/poland/lublin-lrh
Poland,Lublin (LRH),28.07.2026,cabbage red,0.63 €,0.63 €,kg,0.0%,https://www.fresh-market.info/price-quotations/poland/lublin-lrh
Poland,Lublin (LRH),28.07.2026,cabbage white fresh-grown,0.84 €,0.84 €,psc,-11.1%,https://www.fresh-market.info/price-quotations/poland/lublin-lrh
Poland,Lublin (LRH),28.07.2026,carrots young,0.63 €,0.84 €,kg,0.0%,https://www.fresh-market.info/price-quotations/poland/lublin-lrh
Poland,Lublin (LRH),28.07.2026,cauliflower,1.26 €,1.68 €,psc,-15.2%,https://www.fresh-market.info/price-quotations/poland/lublin-lrh
Poland,Lublin (LRH),28.07.2026,celery,1.05 €,1.05 €,kg,-9.1%,https://www.fresh-market.info/price-quotations/poland/lublin-lrh
Poland,Lublin (LRH),28.07.2026,celery stalk,1.05 €,1.26 €,psc,+10.0%,https://www.fresh-market.info/price-quotations/poland/lublin-lrh
Poland,Lublin (LRH),28.07.2026,chanterelle,12.57 €,12.57 €,kg,0.0%,https://www.fresh-market.info/price-quotations/poland/lublin-lrh
Poland,Lublin (LRH),28.07.2026,cherry,1.88 €,2.51 €,kg,+16.7%,https://www.fresh-market.info/price-quotations/poland/lublin-lrh
Poland,Lublin (LRH),28.07.2026,cherry tomato,2.09 €,3.14 €,kg,-24.2%,https://www.fresh-market.info/price-quotations/poland/lublin-lrh
Poland,Lublin (LRH),28.07.2026,chinese cabbage,0.84 €,1.05 €,kg,+5.9%,https://www.fresh-market.info/price-quotations/poland/lublin-lrh
Poland,Lublin (LRH),28.07.2026,chives,0.42 €,0.42 €,psc,0.0%,https://www.fresh-market.info/price-quotations/poland/lublin-lrh
Poland,Lublin (LRH),28.07.2026,"cisowianka gaz (1,5l)",0.41 €,0.41 €,psc,0.0%,https://www.fresh-market.info/price-quotations/poland/lublin-lrh
Poland,Lublin (LRH),28.07.2026,"cisowianka n/g (1,5l)",0.41 €,0.41 €,psc,0.0%,https://www.fresh-market.info/price-quotations/poland/lublin-lrh
Poland,Lublin (LRH),28.07.2026,corn,0.63 €,1.26 €,psc,0.0%,https://www.fresh-market.info/price-quotations/poland/lublin-lrh
Poland,Lublin (LRH),28.07.2026,cucumber lightly salted,1.98 €,2.51 €,kg,0.0%,https://www.fresh-market.info/price-quotations/poland/lublin-lrh
Poland,Lublin (LRH),28.07.2026,cucumber long domestic,1.05 €,1.26 €,kg,-18.5%,https://www.fresh-market.info/price-quotations/poland/lublin-lrh
Poland,Lublin (LRH),28.07.2026,cucumber short domestic,0.63 €,1.26 €,kg,+12.5%,https://www.fresh-market.info/price-quotations/poland/lublin-lrh
Poland,Lublin (LRH),28.07.2026,currant black,2.3 €,2.3 €,500g,-8.3%,https://www.fresh-market.info/price-quotations/poland/lublin-lrh
Poland,Lublin (LRH),28.07.2026,currant red,1.68 €,1.68 €,500g,0.0%,https://www.fresh-market.info/price-quotations/poland/lublin-lrh
Poland,Lublin (LRH),28.07.2026,dill,0.52 €,0.52 €,bunch,0.0%,https://www.fresh-market.info/price-quotations/poland/lublin-lrh
Poland,Lublin (LRH),28.07.2026,dill for pickling,0.42 €,0.52 €,psc,0.0%,https://www.fresh-market.info/price-quotations/poland/lublin-lrh
Poland,Lublin (LRH),28.07.2026,dried apricot,8.38 €,8.38 €,kg,0.0%,https://www.fresh-market.info/price-quotations/poland/lublin-lrh
Poland,Lublin (LRH),28.07.2026,eggplant,1.05 €,1.47 €,kg,-7.7%,https://www.fresh-market.info/price-quotations/poland/lublin-lrh
Poland,Lublin (LRH),28.07.2026,figs dried,5.45 €,5.45 €,kg,0.0%,https://www.fresh-market.info/price-quotations/poland/lublin-lrh
Poland,Lublin (LRH),28.07.2026,flaki wołowe frozen,4.17 €,4.17 €,kg,0.0%,https://www.fresh-market.info/price-quotations/poland/lublin-lrh
Poland,Lublin (LRH),28.07.2026,flat-leaf parsley,0.42 €,0.42 €,bunch,0.0%,https://www.fresh-market.info/price-quotations/poland/lublin-lrh
Poland,Lublin (LRH),28.07.2026,garlic,0.38 €,0.52 €,psc,+22.9%,https://www.fresh-market.info/price-quotations/poland/lublin-lrh
Poland,Lublin (LRH),28.07.2026,ginger,3.14 €,3.35 €,kg,-6.1%,https://www.fresh-market.info/price-quotations/poland/lublin-lrh
Poland,Lublin (LRH),28.07.2026,grapefruits red,1.47 €,1.88 €,kg,-3.0%,https://www.fresh-market.info/price-quotations/poland/lublin-lrh
Poland,Lublin (LRH),28.07.2026,grapes black,2.72 €,2.93 €,kg,-11.5%,https://www.fresh-market.info/price-quotations/poland/lublin-lrh
Poland,Lublin (LRH),28.07.2026,grapes white,2.93 €,3.67 €,kg,+3.3%,https://www.fresh-market.info/price-quotations/poland/lublin-lrh
Poland,Lublin (LRH),28.07.2026,green beans asparagus yellow,2.09 €,3.35 €,kg,-13.3%,https://www.fresh-market.info/price-quotations/poland/lublin-lrh
Poland,Lublin (LRH),28.07.2026,halibut (tusza mrożona),10.05 €,10.05 €,kg,0.0%,https://www.fresh-market.info/price-quotations/poland/lublin-lrh
Poland,Lublin (LRH),28.07.2026,horseradish,2.09 €,3.77 €,kg,-12.5%,https://www.fresh-market.info/price-quotations/poland/lublin-lrh
Poland,Lublin (LRH),28.07.2026,karczek,3.52 €,4.38 €,kg,+12.2%,https://www.fresh-market.info/price-quotations/poland/lublin-lrh
Poland,Lublin (LRH),28.07.2026,kiwi,2.93 €,3.77 €,kg,-8.6%,https://www.fresh-market.info/price-quotations/poland/lublin-lrh
Poland,Lublin (LRH),28.07.2026,krewetki frozen,9.42 €,9.42 €,kg,0.0%,https://www.fresh-market.info/price-quotations/poland/lublin-lrh
Poland,Lublin (LRH),28.07.2026,kurczak,2.7 €,3.73 €,kg,+19.0%,https://www.fresh-market.info/price-quotations/poland/lublin-lrh
Poland,Lublin (LRH),28.07.2026,lawenda (zioła),3.56 €,3.56 €,psc,+13.3%,https://www.fresh-market.info/price-quotations/poland/lublin-lrh
Poland,Lublin (LRH),28.07.2026,leaf laurowy,5.03 €,5.03 €,psc,+20.0%,https://www.fresh-market.info/price-quotations/poland/lublin-lrh
Poland,Lublin (LRH),28.07.2026,leek,0.63 €,0.73 €,psc,0.0%,https://www.fresh-market.info/price-quotations/poland/lublin-lrh
Poland,Lublin (LRH),28.07.2026,lemons,2.09 €,2.51 €,kg,0.0%,https://www.fresh-market.info/price-quotations/poland/lublin-lrh
Poland,Lublin (LRH),28.07.2026,lentils,2.09 €,2.09 €,kg,0.0%,https://www.fresh-market.info/price-quotations/poland/lublin-lrh
Poland,Lublin (LRH),28.07.2026,lettuce butterhead,0.63 €,0.63 €,psc,-16.2%,https://www.fresh-market.info/price-quotations/poland/lublin-lrh
Poland,Lublin (LRH),28.07.2026,lettuce iceberg,1.05 €,1.26 €,psc,+5.8%,https://www.fresh-market.info/price-quotations/poland/lublin-lrh
Poland,Lublin (LRH),28.07.2026,lettuce mix,0.94 €,0.94 €,100 g,0.0%,https://www.fresh-market.info/price-quotations/poland/lublin-lrh
Poland,Lublin (LRH),28.07.2026,lettuce roman,1.36 €,1.47 €,psc,0.0%,https://www.fresh-market.info/price-quotations/poland/lublin-lrh
Poland,Lublin (LRH),28.07.2026,lime,3.77 €,4.19 €,kg,+2.7%,https://www.fresh-market.info/price-quotations/poland/lublin-lrh
Poland,Lublin (LRH),28.07.2026,mandarins,1.47 €,1.78 €,kg,-13.9%,https://www.fresh-market.info/price-quotations/poland/lublin-lrh
Poland,Lublin (LRH),28.07.2026,mangoes,1.05 €,1.05 €,psc,-9.1%,https://www.fresh-market.info/price-quotations/poland/lublin-lrh
Poland,Lublin (LRH),28.07.2026,melon,2.09 €,2.09 €,psc,-4.8%,https://www.fresh-market.info/price-quotations/poland/lublin-lrh
Poland,Lublin (LRH),28.07.2026,mint herbst fresh,3.56 €,3.56 €,psc,+30.8%,https://www.fresh-market.info/price-quotations/poland/lublin-lrh
Poland,Lublin (LRH),28.07.2026,miruna with skórą (filet),5.24 €,6.28 €,kg,0.0%,https://www.fresh-market.info/price-quotations/poland/lublin-lrh
Poland,Lublin (LRH),28.07.2026,morszczuk (tusza mrożona),3.35 €,3.35 €,kg,0.0%,https://www.fresh-market.info/price-quotations/poland/lublin-lrh
Poland,Lublin (LRH),28.07.2026,mushroom,1.88 €,2.3 €,kg,0.0%,https://www.fresh-market.info/price-quotations/poland/lublin-lrh
Poland,Lublin (LRH),28.07.2026,nectarines,1.88 €,2.72 €,kg,-2.2%,https://www.fresh-market.info/price-quotations/poland/lublin-lrh
Poland,Lublin (LRH),28.07.2026,nut fennel with łupiną,3.35 €,3.77 €,kg,0.0%,https://www.fresh-market.info/price-quotations/poland/lublin-lrh
Poland,Lublin (LRH),28.07.2026,nut hazel with łupiną,2.93 €,4.19 €,kg,0.0%,https://www.fresh-market.info/price-quotations/poland/lublin-lrh
Poland,Lublin (LRH),28.07.2026,nut hazel without shell,7.33 €,10.47 €,kg,0.0%,https://www.fresh-market.info/price-quotations/poland/lublin-lrh
Poland,Lublin (LRH),28.07.2026,onion,0.28 €,0.42 €,kg,0.0%,https://www.fresh-market.info/price-quotations/poland/lublin-lrh
Poland,Lublin (LRH),28.07.2026,onion sweet,1.26 €,1.47 €,kg,0.0%,https://www.fresh-market.info/price-quotations/poland/lublin-lrh
Poland,Lublin (LRH),28.07.2026,onion young,1.26 €,1.68 €,kg,0.0%,https://www.fresh-market.info/price-quotations/poland/lublin-lrh
Poland,Lublin (LRH),28.07.2026,oranges,1.05 €,1.88 €,kg,-9.7%,https://www.fresh-market.info/price-quotations/poland/lublin-lrh
Poland,Lublin (LRH),28.07.2026,oyster mushroom,4.19 €,5.45 €,kg,+15.0%,https://www.fresh-market.info/price-quotations/poland/lublin-lrh
Poland,Lublin (LRH),28.07.2026,parsley young,1.68 €,1.68 €,kg,+9.6%,https://www.fresh-market.info/price-quotations/poland/lublin-lrh
Poland,Lublin (LRH),28.07.2026,peach imp,1.68 €,2.3 €,kg,-5.0%,https://www.fresh-market.info/price-quotations/poland/lublin-lrh
Poland,Lublin (LRH),28.07.2026,peach pl,1.88 €,1.88 €,kg,0.0%,https://www.fresh-market.info/price-quotations/poland/lublin-lrh
Poland,Lublin (LRH),28.07.2026,pears imp,1.57 €,1.68 €,kg,-3.1%,https://www.fresh-market.info/price-quotations/poland/lublin-lrh
Poland,Lublin (LRH),28.07.2026,peas łupany,0.84 €,0.84 €,kg,0.0%,https://www.fresh-market.info/price-quotations/poland/lublin-lrh
Poland,Lublin (LRH),28.07.2026,pepper green,0.63 €,1.26 €,kg,-57.1%,https://www.fresh-market.info/price-quotations/poland/lublin-lrh
Poland,Lublin (LRH),28.07.2026,pepper hot,1.68 €,5.03 €,kg,-5.9%,https://www.fresh-market.info/price-quotations/poland/lublin-lrh
Poland,Lublin (LRH),28.07.2026,pepper red,1.26 €,2.09 €,kg,-23.8%,https://www.fresh-market.info/price-quotations/poland/lublin-lrh
Poland,Lublin (LRH),28.07.2026,pickled gherkins,1.98 €,2.3 €,kg,0.0%,https://www.fresh-market.info/price-quotations/poland/lublin-lrh
Poland,Lublin (LRH),28.07.2026,pineapple,2.3 €,3.77 €,psc,0.0%,https://www.fresh-market.info/price-quotations/poland/lublin-lrh
Poland,Lublin (LRH),28.07.2026,pistacje solone,11.52 €,11.52 €,kg,0.0%,https://www.fresh-market.info/price-quotations/poland/lublin-lrh
Poland,Lublin (LRH),28.07.2026,plum cacansa rana,1.26 €,1.88 €,kg,-6.3%,https://www.fresh-market.info/price-quotations/poland/lublin-lrh
Poland,Lublin (LRH),28.07.2026,plum dried,5.45 €,5.45 €,kg,0.0%,https://www.fresh-market.info/price-quotations/poland/lublin-lrh
Poland,Lublin (LRH),28.07.2026,plum imp,1.88 €,1.88 €,kg,-25.0%,https://www.fresh-market.info/price-quotations/poland/lublin-lrh
Poland,Lublin (LRH),28.07.2026,plum katinka,0.84 €,1.26 €,kg,-33.3%,https://www.fresh-market.info/price-quotations/poland/lublin-lrh
Poland,Lublin (LRH),28.07.2026,pomegranates,0.52 €,1.05 €,psc,+50.0%,https://www.fresh-market.info/price-quotations/poland/lublin-lrh
Poland,Lublin (LRH),28.07.2026,potato,0.28 €,0.28 €,kg,0.0%,https://www.fresh-market.info/price-quotations/poland/lublin-lrh
Poland,Lublin (LRH),28.07.2026,potato early,0.35 €,0.42 €,kg,0.0%,https://www.fresh-market.info/price-quotations/poland/lublin-lrh
Poland,Lublin (LRH),28.07.2026,radish,0.48 €,0.52 €,bunch,-9.4%,https://www.fresh-market.info/price-quotations/poland/lublin-lrh
Poland,Lublin (LRH),28.07.2026,raisins,3.14 €,6.28 €,kg,0.0%,https://www.fresh-market.info/price-quotations/poland/lublin-lrh
Poland,Lublin (LRH),28.07.2026,raspberry,1.88 €,1.99 €,250g,+2.8%,https://www.fresh-market.info/price-quotations/poland/lublin-lrh
Poland,Lublin (LRH),28.07.2026,red onion,0.84 €,1.36 €,kg,0.0%,https://www.fresh-market.info/price-quotations/poland/lublin-lrh
Poland,Lublin (LRH),28.07.2026,rosemary herbst fresh,3.56 €,3.56 €,psc,+41.7%,https://www.fresh-market.info/price-quotations/poland/lublin-lrh
Poland,Lublin (LRH),28.07.2026,rucola,0.94 €,0.94 €,100 g,0.0%,https://www.fresh-market.info/price-quotations/poland/lublin-lrh
Poland,Lublin (LRH),28.07.2026,sauerkraut,0.84 €,0.94 €,kg,0.0%,https://www.fresh-market.info/price-quotations/poland/lublin-lrh
Poland,Lublin (LRH),28.07.2026,savoy cabbage,1.47 €,1.78 €,psc,-8.8%,https://www.fresh-market.info/price-quotations/poland/lublin-lrh
Poland,Lublin (LRH),28.07.2026,siemię lniane,1.26 €,1.26 €,kg,0.0%,https://www.fresh-market.info/price-quotations/poland/lublin-lrh
Poland,Lublin (LRH),28.07.2026,stones dyni with łupiną,3.98 €,3.98 €,kg,0.0%,https://www.fresh-market.info/price-quotations/poland/lublin-lrh
Poland,Lublin (LRH),28.07.2026,stones dyni without shell,4.82 €,4.82 €,kg,0.0%,https://www.fresh-market.info/price-quotations/poland/lublin-lrh
Poland,Lublin (LRH),28.07.2026,strawberry domestic,3.98 €,4.19 €,kg,-8.2%,https://www.fresh-market.info/price-quotations/poland/lublin-lrh
Poland,Lublin (LRH),28.07.2026,sweet cherry,2.09 €,4.82 €,kg,+36.1%,https://www.fresh-market.info/price-quotations/poland/lublin-lrh
Poland,Lublin (LRH),28.07.2026,tomato,0.87 €,0.87 €,kg,+11.2%,https://www.fresh-market.info/price-quotations/poland/lublin-lrh
Poland,Lublin (LRH),28.07.2026,tomato raspberry,0.63 €,1.26 €,kg,-15.1%,https://www.fresh-market.info/price-quotations/poland/lublin-lrh
Poland,Lublin (LRH),28.07.2026,vegetables early,1.26 €,1.47 €,bunch,0.0%,https://www.fresh-market.info/price-quotations/poland/lublin-lrh
Poland,Lublin (LRH),28.07.2026,walnut shelled,10.05 €,10.05 €,kg,0.0%,https://www.fresh-market.info/price-quotations/poland/lublin-lrh
Poland,Lublin (LRH),28.07.2026,watermelon,0.84 €,0.84 €,kg,+29.0%,https://www.fresh-market.info/price-quotations/poland/lublin-lrh
Poland,Lublin (LRH),28.07.2026,yellow pepper,1.05 €,2.09 €,kg,+7.1%,https://www.fresh-market.info/price-quotations/poland/lublin-lrh
Poland,Lublin (LRH),28.07.2026,zucchini,0.63 €,0.75 €,kg,+10.0%,https://www.fresh-market.info/price-quotations/poland/lublin-lrh
Poland,Lublin (LRH),28.07.2026,żeberka,4.17 €,4.17 €,kg,0.0%,https://www.fresh-market.info/price-quotations/poland/lublin-lrh
Poland,Poznan (WGRO),30.07.2026,Apple GOLDEN DELICJUS,12.57 €,12.57 €,15 kg,0.0%,https://www.fresh-market.info/price-quotations/poland/poznan-wgro
Poland,Poznan (WGRO),30.07.2026,Early leeks,0.48 €,0.52 €,1 psc,0.0%,https://www.fresh-market.info/price-quotations/poland/poznan-wgro
Poland,Poznan (WGRO),30.07.2026,apple Champion,10.47 €,12.57 €,15 kg,0.0%,https://www.fresh-market.info/price-quotations/poland/poznan-wgro
Poland,Poznan (WGRO),30.07.2026,apple Idared,10.47 €,10.47 €,15 kg,0.0%,https://www.fresh-market.info/price-quotations/poland/poznan-wgro
Poland,Poznan (WGRO),30.07.2026,apple Ligol,10.47 €,12.57 €,15 kg,0.0%,https://www.fresh-market.info/price-quotations/poland/poznan-wgro
Poland,Poznan (WGRO),30.07.2026,apple Prince,10.47 €,10.47 €,15 kg,0.0%,https://www.fresh-market.info/price-quotations/poland/poznan-wgro
Poland,Poznan (WGRO),30.07.2026,apple alwa,12.57 €,12.57 €,15 kg,0.0%,https://www.fresh-market.info/price-quotations/poland/poznan-wgro
Poland,Poznan (WGRO),30.07.2026,apple booskop,10.47 €,12.57 €,15 kg,0.0%,https://www.fresh-market.info/price-quotations/poland/poznan-wgro
Poland,Poznan (WGRO),30.07.2026,apple jonagored,10.47 €,12.57 €,15 kg,0.0%,https://www.fresh-market.info/price-quotations/poland/poznan-wgro
Poland,Poznan (WGRO),30.07.2026,apple papierówki new,8.38 €,18.85 €,15 kg,0.0%,https://www.fresh-market.info/price-quotations/poland/poznan-wgro
Poland,Poznan (WGRO),30.07.2026,apple paula red new,8.38 €,18.85 €,15 kg,0.0%,https://www.fresh-market.info/price-quotations/poland/poznan-wgro
Poland,Poznan (WGRO),30.07.2026,apple piros new,8.38 €,20.94 €,15 kg,0.0%,https://www.fresh-market.info/price-quotations/poland/poznan-wgro
Poland,Poznan (WGRO),30.07.2026,apricots,2.09 €,2.3 €,1 kg,0.0%,https://www.fresh-market.info/price-quotations/poland/poznan-wgro
Poland,Poznan (WGRO),30.07.2026,aubergines,4.19 €,6.28 €,5 kg,0.0%,https://www.fresh-market.info/price-quotations/poland/poznan-wgro
Poland,Poznan (WGRO),30.07.2026,bananas,17.8 €,26.18 €,18 kg,0.0%,https://www.fresh-market.info/price-quotations/poland/poznan-wgro
Poland,Poznan (WGRO),30.07.2026,beet greens,6.28 €,7.54 €,10 pęczków,0.0%,https://www.fresh-market.info/price-quotations/poland/poznan-wgro
Poland,Poznan (WGRO),30.07.2026,beetroots red early,3.14 €,3.35 €,5 kg,0.0%,https://www.fresh-market.info/price-quotations/poland/poznan-wgro
Poland,Poznan (WGRO),30.07.2026,bilberry black,25.13 €,25.13 €,3 kg,0.0%,https://www.fresh-market.info/price-quotations/poland/poznan-wgro
Poland,Poznan (WGRO),30.07.2026,blackberries,2.09 €,2.62 €,250 g,0.0%,https://www.fresh-market.info/price-quotations/poland/poznan-wgro
Poland,Poznan (WGRO),30.07.2026,blueberries American,3.14 €,4.61 €,1 kg,0.0%,https://www.fresh-market.info/price-quotations/poland/poznan-wgro
Poland,Poznan (WGRO),30.07.2026,broad bean,1.88 €,2.09 €,500 g,+11.8%,https://www.fresh-market.info/price-quotations/poland/poznan-wgro
Poland,Poznan (WGRO),30.07.2026,broccoli,0.94 €,1.15 €,1 psc,0.0%,https://www.fresh-market.info/price-quotations/poland/poznan-wgro
Poland,Poznan (WGRO),30.07.2026,cabbage chinese cabbage young,0.94 €,1.15 €,1 psc,0.0%,https://www.fresh-market.info/price-quotations/poland/poznan-wgro
Poland,Poznan (WGRO),30.07.2026,cabbage pickled young,2.09 €,2.09 €,1 kg,0.0%,https://www.fresh-market.info/price-quotations/poland/poznan-wgro
Poland,Poznan (WGRO),30.07.2026,cabbage red young,0.84 €,1.05 €,1 psc,0.0%,https://www.fresh-market.info/price-quotations/poland/poznan-wgro
Poland,Poznan (WGRO),30.07.2026,cabbage white young,4.19 €,5.03 €,6 psc,0.0%,https://www.fresh-market.info/price-quotations/poland/poznan-wgro
Poland,Poznan (WGRO),30.07.2026,carrots young,5.24 €,5.24 €,10 kg,0.0%,https://www.fresh-market.info/price-quotations/poland/poznan-wgro
Poland,Poznan (WGRO),30.07.2026,carrots young with greens,1.05 €,1.05 €,1 bunch,0.0%,https://www.fresh-market.info/price-quotations/poland/poznan-wgro
Poland,Poznan (WGRO),30.07.2026,cauliflower,6.28 €,7.54 €,6 psc,0.0%,https://www.fresh-market.info/price-quotations/poland/poznan-wgro
Poland,Poznan (WGRO),30.07.2026,celery root,3.77 €,4.19 €,5 kg,0.0%,https://www.fresh-market.info/price-quotations/poland/poznan-wgro
Poland,Poznan (WGRO),30.07.2026,celery root early,5.24 €,6.28 €,5 kg,0.0%,https://www.fresh-market.info/price-quotations/poland/poznan-wgro
Poland,Poznan (WGRO),30.07.2026,chanterelles,5.24 €,6.28 €,500 g,0.0%,https://www.fresh-market.info/price-quotations/poland/poznan-wgro
Poland,Poznan (WGRO),30.07.2026,cherries,6.7 €,7.75 €,3 kg,0.0%,https://www.fresh-market.info/price-quotations/poland/poznan-wgro
Poland,Poznan (WGRO),30.07.2026,chives thick,4.19 €,4.19 €,10 pęczków,0.0%,https://www.fresh-market.info/price-quotations/poland/poznan-wgro
Poland,Poznan (WGRO),30.07.2026,chives thin,3.77 €,4.19 €,10 pęczków,0.0%,https://www.fresh-market.info/price-quotations/poland/poznan-wgro
Poland,Poznan (WGRO),30.07.2026,chives with onion,4.19 €,4.61 €,10 pęczków,0.0%,https://www.fresh-market.info/price-quotations/poland/poznan-wgro
Poland,Poznan (WGRO),30.07.2026,courgette,4.19 €,5.24 €,5 kg,0.0%,https://www.fresh-market.info/price-quotations/poland/poznan-wgro
Poland,Poznan (WGRO),30.07.2026,cucumber pickling set,0.63 €,0.84 €,1 bunch,0.0%,https://www.fresh-market.info/price-quotations/poland/poznan-wgro
Poland,Poznan (WGRO),30.07.2026,cucumbers field-grown,6.28 €,7.33 €,5 kg,0.0%,https://www.fresh-market.info/price-quotations/poland/poznan-wgro
Poland,Poznan (WGRO),30.07.2026,cucumbers glasshouse,6.28 €,7.33 €,5 kg,0.0%,https://www.fresh-market.info/price-quotations/poland/poznan-wgro
Poland,Poznan (WGRO),30.07.2026,currants black,11.52 €,11.52 €,"2,5 kg",0.0%,https://www.fresh-market.info/price-quotations/poland/poznan-wgro
Poland,Poznan (WGRO),30.07.2026,currants red,2.09 €,2.09 €,500 g,0.0%,https://www.fresh-market.info/price-quotations/poland/poznan-wgro
Poland,Poznan (WGRO),30.07.2026,currants white,2.09 €,2.09 €,500 g,0.0%,https://www.fresh-market.info/price-quotations/poland/poznan-wgro
Poland,Poznan (WGRO),30.07.2026,dill,0.38 €,0.46 €,1 bunch,0.0%,https://www.fresh-market.info/price-quotations/poland/poznan-wgro
Poland,Poznan (WGRO),30.07.2026,dill long flowering,4.19 €,5.24 €,10 pęczków,0.0%,https://www.fresh-market.info/price-quotations/poland/poznan-wgro
Poland,Poznan (WGRO),30.07.2026,flat-leaf parsley,3.56 €,4.19 €,5 pęczków,0.0%,https://www.fresh-market.info/price-quotations/poland/poznan-wgro
Poland,Poznan (WGRO),30.07.2026,garlic,0.52 €,0.63 €,1 psc,0.0%,https://www.fresh-market.info/price-quotations/poland/poznan-wgro
Poland,Poznan (WGRO),30.07.2026,gooseberry,2.72 €,2.93 €,500 g,0.0%,https://www.fresh-market.info/price-quotations/poland/poznan-wgro
Poland,Poznan (WGRO),30.07.2026,gooseberry green,5.24 €,5.86 €,1 kg,0.0%,https://www.fresh-market.info/price-quotations/poland/poznan-wgro
Poland,Poznan (WGRO),30.07.2026,gooseberry rose,5.24 €,6.28 €,1 kg,0.0%,https://www.fresh-market.info/price-quotations/poland/poznan-wgro
Poland,Poznan (WGRO),30.07.2026,grapefruits,20.94 €,23.04 €,14 kg,0.0%,https://www.fresh-market.info/price-quotations/poland/poznan-wgro
Poland,Poznan (WGRO),30.07.2026,grapes,14.66 €,17.8 €,"4,5 kg",0.0%,https://www.fresh-market.info/price-quotations/poland/poznan-wgro
Poland,Poznan (WGRO),30.07.2026,green beans asparagus green,3.35 €,3.77 €,1 kg,0.0%,https://www.fresh-market.info/price-quotations/poland/poznan-wgro
Poland,Poznan (WGRO),30.07.2026,green beans asparagus yellow,2.51 €,2.93 €,1 kg,+13.0%,https://www.fresh-market.info/price-quotations/poland/poznan-wgro
Poland,Poznan (WGRO),30.07.2026,green beans bułgarska,3.77 €,4.61 €,1 kg,0.0%,https://www.fresh-market.info/price-quotations/poland/poznan-wgro
Poland,Poznan (WGRO),30.07.2026,horseradish root,7.54 €,8.38 €,2 kg,0.0%,https://www.fresh-market.info/price-quotations/poland/poznan-wgro
Poland,Poznan (WGRO),30.07.2026,kiwi,31.42 €,35.6 €,10 kg,0.0%,https://www.fresh-market.info/price-quotations/poland/poznan-wgro
Poland,Poznan (WGRO),30.07.2026,kohlrabi,4.61 €,4.82 €,10 psc,0.0%,https://www.fresh-market.info/price-quotations/poland/poznan-wgro
Poland,Poznan (WGRO),30.07.2026,lemons,19.9 €,24.09 €,10 kg,0.0%,https://www.fresh-market.info/price-quotations/poland/poznan-wgro
Poland,Poznan (WGRO),30.07.2026,lettuce butterhead,7.96 €,8.38 €,12 psc,0.0%,https://www.fresh-market.info/price-quotations/poland/poznan-wgro
Poland,Poznan (WGRO),30.07.2026,lettuce iceberg,0.84 €,1.05 €,1 psc,0.0%,https://www.fresh-market.info/price-quotations/poland/poznan-wgro
Poland,Poznan (WGRO),30.07.2026,lovage,3.14 €,4.19 €,5 pęczków,0.0%,https://www.fresh-market.info/price-quotations/poland/poznan-wgro
Poland,Poznan (WGRO),30.07.2026,low-salt cucumbers,1.88 €,1.88 €,"0,5 kg",0.0%,https://www.fresh-market.info/price-quotations/poland/poznan-wgro
Poland,Poznan (WGRO),30.07.2026,mandarins,18.85 €,25.13 €,10 kg,0.0%,https://www.fresh-market.info/price-quotations/poland/poznan-wgro
Poland,Poznan (WGRO),30.07.2026,mushrooms,2.3 €,2.72 €,1 kg,0.0%,https://www.fresh-market.info/price-quotations/poland/poznan-wgro
Poland,Poznan (WGRO),30.07.2026,nectarines,18.85 €,20.94 €,10 kg,0.0%,https://www.fresh-market.info/price-quotations/poland/poznan-wgro
Poland,Poznan (WGRO),30.07.2026,nectarines new,8.38 €,8.38 €,5 kg,0.0%,https://www.fresh-market.info/price-quotations/poland/poznan-wgro
Poland,Poznan (WGRO),30.07.2026,nuts hazel shelled,72.26 €,72.26 €,5 kg,0.0%,https://www.fresh-market.info/price-quotations/poland/poznan-wgro
Poland,Poznan (WGRO),30.07.2026,onion red young in łuskach,3.14 €,4.19 €,5 kg,0.0%,https://www.fresh-market.info/price-quotations/poland/poznan-wgro
Poland,Poznan (WGRO),30.07.2026,onion white young in łuskach,4.19 €,4.19 €,10 kg,0.0%,https://www.fresh-market.info/price-quotations/poland/poznan-wgro
Poland,Poznan (WGRO),30.07.2026,onion white young peeled,4.19 €,5.24 €,5 kg,0.0%,https://www.fresh-market.info/price-quotations/poland/poznan-wgro
Poland,Poznan (WGRO),30.07.2026,orange,15.71 €,20.94 €,10 kg,0.0%,https://www.fresh-market.info/price-quotations/poland/poznan-wgro
Poland,Poznan (WGRO),30.07.2026,oyster mushrooms,1.26 €,1.47 €,200 g,0.0%,https://www.fresh-market.info/price-quotations/poland/poznan-wgro
Poland,Poznan (WGRO),30.07.2026,parsley root young,5.24 €,6.28 €,5 kg,0.0%,https://www.fresh-market.info/price-quotations/poland/poznan-wgro
Poland,Poznan (WGRO),30.07.2026,peach new,10.47 €,10.47 €,5 kg,0.0%,https://www.fresh-market.info/price-quotations/poland/poznan-wgro
Poland,Poznan (WGRO),30.07.2026,peach paragwajskie,10.47 €,12.57 €,5 kg,0.0%,https://www.fresh-market.info/price-quotations/poland/poznan-wgro
Poland,Poznan (WGRO),30.07.2026,pears,17.8 €,18.85 €,10 kg,0.0%,https://www.fresh-market.info/price-quotations/poland/poznan-wgro
Poland,Poznan (WGRO),30.07.2026,pepper green,8.38 €,9.42 €,5 kg,0.0%,https://www.fresh-market.info/price-quotations/poland/poznan-wgro
Poland,Poznan (WGRO),30.07.2026,pepper red,9.42 €,10.47 €,5 kg,0.0%,https://www.fresh-market.info/price-quotations/poland/poznan-wgro
Poland,Poznan (WGRO),30.07.2026,pickled cucumbers,9.42 €,9.42 €,3 kg,0.0%,https://www.fresh-market.info/price-quotations/poland/poznan-wgro
Poland,Poznan (WGRO),30.07.2026,plums,7.33 €,10.47 €,5 kg,0.0%,https://www.fresh-market.info/price-quotations/poland/poznan-wgro
Poland,Poznan (WGRO),30.07.2026,potatoes early,4.19 €,5.03 €,10 kg,0.0%,https://www.fresh-market.info/price-quotations/poland/poznan-wgro
Poland,Poznan (WGRO),30.07.2026,radishes,8.38 €,8.38 €,20 psc,0.0%,https://www.fresh-market.info/price-quotations/poland/poznan-wgro
Poland,Poznan (WGRO),30.07.2026,raspberries,2.09 €,2.51 €,250 g,0.0%,https://www.fresh-market.info/price-quotations/poland/poznan-wgro
Poland,Poznan (WGRO),30.07.2026,rhubarb,1.88 €,2.09 €,1 kg,0.0%,https://www.fresh-market.info/price-quotations/poland/poznan-wgro
Poland,Poznan (WGRO),30.07.2026,strawberries,2.3 €,2.51 €,"0,5 kg",0.0%,https://www.fresh-market.info/price-quotations/poland/poznan-wgro
Poland,Poznan (WGRO),30.07.2026,sweet cherry,12.57 €,17.8 €,5 kg,0.0%,https://www.fresh-market.info/price-quotations/poland/poznan-wgro
Poland,Poznan (WGRO),30.07.2026,tomatoes glasshouse,7.33 €,7.96 €,6 kg,0.0%,https://www.fresh-market.info/price-quotations/poland/poznan-wgro
Poland,Poznan (WGRO),30.07.2026,tomatoes rose,7.33 €,7.54 €,6 kg,0.0%,https://www.fresh-market.info/price-quotations/poland/poznan-wgro
Poland,Poznan (WGRO),30.07.2026,vegetables early,1.05 €,1.15 €,1 bunch,0.0%,https://www.fresh-market.info/price-quotations/poland/poznan-wgro
Poland,Poznan (WGRO),30.07.2026,walnut shelled,41.89 €,54.45 €,5 kg,0.0%,https://www.fresh-market.info/price-quotations/poland/poznan-wgro
Poland,Poznan (WGRO),30.07.2026,watermelons seedless,1.05 €,1.15 €,1 kg,0.0%,https://www.fresh-market.info/price-quotations/poland/poznan-wgro
Poland,Poznan (WGRO),30.07.2026,yellow pepper,9.42 €,10.47 €,5 kg,0.0%,https://www.fresh-market.info/price-quotations/poland/poznan-wgro
Poland,Rzeszow (Agrohurt),28.07.2026,Big white (kidney) beans,3.98 €,4.61 €,packaging - 1 kg,0.0%,https://www.fresh-market.info/price-quotations/poland/rzeszow-agrohurt
Poland,Rzeszow (Agrohurt),28.07.2026,Shelling peas,0.86 €,0.9 €,kg,0.0%,https://www.fresh-market.info/price-quotations/poland/rzeszow-agrohurt
Poland,Rzeszow (Agrohurt),28.07.2026,apple,1.05 €,1.26 €,kg,0.0%,https://www.fresh-market.info/price-quotations/poland/rzeszow-agrohurt
Poland,Rzeszow (Agrohurt),28.07.2026,apricot,2.09 €,2.93 €,kg,0.0%,https://www.fresh-market.info/price-quotations/poland/rzeszow-agrohurt
Poland,Rzeszow (Agrohurt),28.07.2026,arugula,0.84 €,1.05 €,100 g,0.0%,https://www.fresh-market.info/price-quotations/poland/rzeszow-agrohurt
Poland,Rzeszow (Agrohurt),28.07.2026,avocado,1.05 €,1.68 €,psc,0.0%,https://www.fresh-market.info/price-quotations/poland/rzeszow-agrohurt
Poland,Rzeszow (Agrohurt),28.07.2026,bananas,20.94 €,23.04 €,cardboard - 18 kg,0.0%,https://www.fresh-market.info/price-quotations/poland/rzeszow-agrohurt
Poland,Rzeszow (Agrohurt),28.07.2026,been asparagus,2.51 €,3.14 €,kg,0.0%,https://www.fresh-market.info/price-quotations/poland/rzeszow-agrohurt
Poland,Rzeszow (Agrohurt),28.07.2026,been butterhead,3.77 €,4.19 €,kg,0.0%,https://www.fresh-market.info/price-quotations/poland/rzeszow-agrohurt
Poland,Rzeszow (Agrohurt),28.07.2026,been szpargowa,2.51 €,3.14 €,kg,0.0%,https://www.fresh-market.info/price-quotations/poland/rzeszow-agrohurt
Poland,Rzeszow (Agrohurt),28.07.2026,beetroots,0.42 €,0.63 €,kg,0.0%,https://www.fresh-market.info/price-quotations/poland/rzeszow-agrohurt
Poland,Rzeszow (Agrohurt),28.07.2026,blueberries,10.47 €,12.57 €,kg,0.0%,https://www.fresh-market.info/price-quotations/poland/rzeszow-agrohurt
Poland,Rzeszow (Agrohurt),28.07.2026,blueberries American,4.19 €,6.28 €,kg,0.0%,https://www.fresh-market.info/price-quotations/poland/rzeszow-agrohurt
Poland,Rzeszow (Agrohurt),28.07.2026,broad bean,2.09 €,2.51 €,kg,0.0%,https://www.fresh-market.info/price-quotations/poland/rzeszow-agrohurt
Poland,Rzeszow (Agrohurt),28.07.2026,broccoli,1.47 €,1.68 €,psc,0.0%,https://www.fresh-market.info/price-quotations/poland/rzeszow-agrohurt
Poland,Rzeszow (Agrohurt),28.07.2026,cabbage,0.38 €,0.52 €,kg,0.0%,https://www.fresh-market.info/price-quotations/poland/rzeszow-agrohurt
Poland,Rzeszow (Agrohurt),28.07.2026,cabbage red,0.52 €,0.63 €,kg,0.0%,https://www.fresh-market.info/price-quotations/poland/rzeszow-agrohurt
Poland,Rzeszow (Agrohurt),28.07.2026,cabbage white fresh-grown,1.05 €,1.26 €,psc,0.0%,https://www.fresh-market.info/price-quotations/poland/rzeszow-agrohurt
Poland,Rzeszow (Agrohurt),28.07.2026,carrot cut,0.63 €,0.84 €,kg,0.0%,https://www.fresh-market.info/price-quotations/poland/rzeszow-agrohurt
Poland,Rzeszow (Agrohurt),28.07.2026,carrots young,0.63 €,0.84 €,kg,0.0%,https://www.fresh-market.info/price-quotations/poland/rzeszow-agrohurt
Poland,Rzeszow (Agrohurt),28.07.2026,cauliflower,1.47 €,1.68 €,psc,0.0%,https://www.fresh-market.info/price-quotations/poland/rzeszow-agrohurt
Poland,Rzeszow (Agrohurt),28.07.2026,celeriac,1.26 €,1.68 €,kg,+27.3%,https://www.fresh-market.info/price-quotations/poland/rzeszow-agrohurt
Poland,Rzeszow (Agrohurt),28.07.2026,celery stalk,1.05 €,1.26 €,psc,0.0%,https://www.fresh-market.info/price-quotations/poland/rzeszow-agrohurt
Poland,Rzeszow (Agrohurt),28.07.2026,cherries,2.09 €,3.14 €,kg,0.0%,https://www.fresh-market.info/price-quotations/poland/rzeszow-agrohurt
Poland,Rzeszow (Agrohurt),28.07.2026,cherry tomato,4.19 €,5.24 €,kg,0.0%,https://www.fresh-market.info/price-quotations/poland/rzeszow-agrohurt
Poland,Rzeszow (Agrohurt),28.07.2026,chilli,10.47 €,12.57 €,kg,0.0%,https://www.fresh-market.info/price-quotations/poland/rzeszow-agrohurt
Poland,Rzeszow (Agrohurt),28.07.2026,chinese cabbage,1.26 €,1.47 €,psc,0.0%,https://www.fresh-market.info/price-quotations/poland/rzeszow-agrohurt
Poland,Rzeszow (Agrohurt),28.07.2026,chives,0.31 €,0.42 €,psc,0.0%,https://www.fresh-market.info/price-quotations/poland/rzeszow-agrohurt
Poland,Rzeszow (Agrohurt),28.07.2026,corn,0.84 €,1.05 €,psc,0.0%,https://www.fresh-market.info/price-quotations/poland/rzeszow-agrohurt
Poland,Rzeszow (Agrohurt),28.07.2026,cucumber glasshouse,1.26 €,1.47 €,kg,0.0%,https://www.fresh-market.info/price-quotations/poland/rzeszow-agrohurt
Poland,Rzeszow (Agrohurt),28.07.2026,cucumbers,0.94 €,1.47 €,kg,0.0%,https://www.fresh-market.info/price-quotations/poland/rzeszow-agrohurt
Poland,Rzeszow (Agrohurt),28.07.2026,currant,1.68 €,2.09 €,kg,0.0%,https://www.fresh-market.info/price-quotations/poland/rzeszow-agrohurt
Poland,Rzeszow (Agrohurt),28.07.2026,dill,0.42 €,0.63 €,bunch,0.0%,https://www.fresh-market.info/price-quotations/poland/rzeszow-agrohurt
Poland,Rzeszow (Agrohurt),28.07.2026,flaki domowe,2.28 €,3.12 €,kg,0.0%,https://www.fresh-market.info/price-quotations/poland/rzeszow-agrohurt
Poland,Rzeszow (Agrohurt),28.07.2026,flat-leaf parsley,0.31 €,0.42 €,bunch,0.0%,https://www.fresh-market.info/price-quotations/poland/rzeszow-agrohurt
Poland,Rzeszow (Agrohurt),28.07.2026,flowers alstroemeria,0.44 €,0.52 €,psc,0.0%,https://www.fresh-market.info/price-quotations/poland/rzeszow-agrohurt
Poland,Rzeszow (Agrohurt),28.07.2026,flowers anturium,0.84 €,1.26 €,psc,0.0%,https://www.fresh-market.info/price-quotations/poland/rzeszow-agrohurt
Poland,Rzeszow (Agrohurt),28.07.2026,flowers begonia,1.47 €,3.77 €,psc,0.0%,https://www.fresh-market.info/price-quotations/poland/rzeszow-agrohurt
Poland,Rzeszow (Agrohurt),28.07.2026,flowers carnations,0.31 €,0.34 €,psc,0.0%,https://www.fresh-market.info/price-quotations/poland/rzeszow-agrohurt
Poland,Rzeszow (Agrohurt),28.07.2026,flowers dracena,2.09 €,10.47 €,psc,0.0%,https://www.fresh-market.info/price-quotations/poland/rzeszow-agrohurt
Poland,Rzeszow (Agrohurt),28.07.2026,flowers fikus,2.09 €,23.04 €,psc,0.0%,https://www.fresh-market.info/price-quotations/poland/rzeszow-agrohurt
Poland,Rzeszow (Agrohurt),28.07.2026,flowers gardenia,2.51 €,4.4 €,psc,0.0%,https://www.fresh-market.info/price-quotations/poland/rzeszow-agrohurt
Poland,Rzeszow (Agrohurt),28.07.2026,flowers guzmania,2.3 €,4.19 €,psc,0.0%,https://www.fresh-market.info/price-quotations/poland/rzeszow-agrohurt
Poland,Rzeszow (Agrohurt),28.07.2026,flowers gypsophila,0.67 €,0.84 €,psc,0.0%,https://www.fresh-market.info/price-quotations/poland/rzeszow-agrohurt
Poland,Rzeszow (Agrohurt),28.07.2026,flowers kaktus,0.73 €,2.51 €,psc,0.0%,https://www.fresh-market.info/price-quotations/poland/rzeszow-agrohurt
Poland,Rzeszow (Agrohurt),28.07.2026,flowers lily,0.84 €,0.94 €,psc,0.0%,https://www.fresh-market.info/price-quotations/poland/rzeszow-agrohurt
Poland,Rzeszow (Agrohurt),28.07.2026,flowers lisianthus,0.94 €,1.05 €,psc,0.0%,https://www.fresh-market.info/price-quotations/poland/rzeszow-agrohurt
Poland,Rzeszow (Agrohurt),28.07.2026,flowers margaretka,0.46 €,0.52 €,psc,0.0%,https://www.fresh-market.info/price-quotations/poland/rzeszow-agrohurt
Poland,Rzeszow (Agrohurt),28.07.2026,flowers rose,0.52 €,0.73 €,psc,0.0%,https://www.fresh-market.info/price-quotations/poland/rzeszow-agrohurt
Poland,Rzeszow (Agrohurt),28.07.2026,flowers rose avalanche 60 cm,12.57 €,13.57 €,bunch 20 psc,0.0%,https://www.fresh-market.info/price-quotations/poland/rzeszow-agrohurt
Poland,Rzeszow (Agrohurt),28.07.2026,flowers rose carpe diem 40 cm,7.12 €,7.71 €,wiäâzka - 20 psc,0.0%,https://www.fresh-market.info/price-quotations/poland/rzeszow-agrohurt
Poland,Rzeszow (Agrohurt),28.07.2026,flowers rose carpe diem 70 cm,11.73 €,12.65 €,bunch - 20 psc,0.0%,https://www.fresh-market.info/price-quotations/poland/rzeszow-agrohurt
Poland,Rzeszow (Agrohurt),28.07.2026,flowers rose grand prix 100 cm,19.27 €,20.82 €,bunch 20 psc,0.0%,https://www.fresh-market.info/price-quotations/poland/rzeszow-agrohurt
Poland,Rzeszow (Agrohurt),28.07.2026,flowers rose mexican girl 40 cm,5.28 €,5.45 €,bunch - 20 psc,0.0%,https://www.fresh-market.info/price-quotations/poland/rzeszow-agrohurt
Poland,Rzeszow (Agrohurt),28.07.2026,flowers rose mix 40 cm,6.7 €,7.25 €,bunch - 20 psc,0.0%,https://www.fresh-market.info/price-quotations/poland/rzeszow-agrohurt
Poland,Rzeszow (Agrohurt),28.07.2026,flowers rose mix 80 cm,13.4 €,14.49 €,bunch - 20 psc,0.0%,https://www.fresh-market.info/price-quotations/poland/rzeszow-agrohurt
Poland,Rzeszow (Agrohurt),28.07.2026,flowers rose prestige extra 50 cm,7.12 €,7.71 €,bunch 20 psc,0.0%,https://www.fresh-market.info/price-quotations/poland/rzeszow-agrohurt
Poland,Rzeszow (Agrohurt),28.07.2026,flowers rose red knight 40 cm,8.38 €,9.05 €,bunch - 20 psc,0.0%,https://www.fresh-market.info/price-quotations/poland/rzeszow-agrohurt
Poland,Rzeszow (Agrohurt),28.07.2026,flowers rose red knight 70 cm,13.82 €,14.91 €,bunch - 20 psc,0.0%,https://www.fresh-market.info/price-quotations/poland/rzeszow-agrohurt
Poland,Rzeszow (Agrohurt),28.07.2026,flowers rose savita 40 cm,9.22 €,9.97 €,bunch - 20 psc,0.0%,https://www.fresh-market.info/price-quotations/poland/rzeszow-agrohurt
Poland,Rzeszow (Agrohurt),28.07.2026,flowers rose savita 70 cm,15.08 €,16.29 €,bunch - 20 psc,0.0%,https://www.fresh-market.info/price-quotations/poland/rzeszow-agrohurt
Poland,Rzeszow (Agrohurt),28.07.2026,flowers rose talea 40 cm,8.38 €,9.05 €,bunch - 20 psc,0.0%,https://www.fresh-market.info/price-quotations/poland/rzeszow-agrohurt
Poland,Rzeszow (Agrohurt),28.07.2026,flowers rose talea 70 cm,16.75 €,18.1 €,bunch - 20 psc,0.0%,https://www.fresh-market.info/price-quotations/poland/rzeszow-agrohurt
Poland,Rzeszow (Agrohurt),28.07.2026,flowers storczyk,5.24 €,10.47 €,psc,0.0%,https://www.fresh-market.info/price-quotations/poland/rzeszow-agrohurt
Poland,Rzeszow (Agrohurt),28.07.2026,flowers tulip,0.31 €,0.34 €,psc,0.0%,https://www.fresh-market.info/price-quotations/poland/rzeszow-agrohurt
Poland,Rzeszow (Agrohurt),28.07.2026,flowers wrzosy,1.05 €,1.47 €,pot,0.0%,https://www.fresh-market.info/price-quotations/poland/rzeszow-agrohurt
Poland,Rzeszow (Agrohurt),28.07.2026,garlic,0.42 €,0.52 €,psc,0.0%,https://www.fresh-market.info/price-quotations/poland/rzeszow-agrohurt
Poland,Rzeszow (Agrohurt),28.07.2026,gooseberry,2.09 €,2.51 €,kg,0.0%,https://www.fresh-market.info/price-quotations/poland/rzeszow-agrohurt
Poland,Rzeszow (Agrohurt),28.07.2026,grapefruits green,1.68 €,2.09 €,kg,0.0%,https://www.fresh-market.info/price-quotations/poland/rzeszow-agrohurt
Poland,Rzeszow (Agrohurt),28.07.2026,grapefruits red,1.68 €,2.09 €,kg,0.0%,https://www.fresh-market.info/price-quotations/poland/rzeszow-agrohurt
Poland,Rzeszow (Agrohurt),28.07.2026,grapes dark,3.77 €,4.19 €,kg,0.0%,https://www.fresh-market.info/price-quotations/poland/rzeszow-agrohurt
Poland,Rzeszow (Agrohurt),28.07.2026,grapes white,3.77 €,4.19 €,kg,0.0%,https://www.fresh-market.info/price-quotations/poland/rzeszow-agrohurt
Poland,Rzeszow (Agrohurt),28.07.2026,grey reinette,1.26 €,1.47 €,kg,0.0%,https://www.fresh-market.info/price-quotations/poland/rzeszow-agrohurt
Poland,Rzeszow (Agrohurt),28.07.2026,jaś dried,2.51 €,3.14 €,kg,0.0%,https://www.fresh-market.info/price-quotations/poland/rzeszow-agrohurt
Poland,Rzeszow (Agrohurt),28.07.2026,jaś moczony,3.14 €,3.35 €,sack - 1 kg,0.0%,https://www.fresh-market.info/price-quotations/poland/rzeszow-agrohurt
Poland,Rzeszow (Agrohurt),28.07.2026,kiwi,3.35 €,3.77 €,kg,0.0%,https://www.fresh-market.info/price-quotations/poland/rzeszow-agrohurt
Poland,Rzeszow (Agrohurt),28.07.2026,kohlrabi,0.52 €,0.63 €,psc,0.0%,https://www.fresh-market.info/price-quotations/poland/rzeszow-agrohurt
Poland,Rzeszow (Agrohurt),28.07.2026,leek,0.63 €,0.84 €,psc,0.0%,https://www.fresh-market.info/price-quotations/poland/rzeszow-agrohurt
Poland,Rzeszow (Agrohurt),28.07.2026,lemons,20.94 €,25.13 €,cardboard - 10 kg,0.0%,https://www.fresh-market.info/price-quotations/poland/rzeszow-agrohurt
Poland,Rzeszow (Agrohurt),28.07.2026,lettuce,0.63 €,0.84 €,psc,0.0%,https://www.fresh-market.info/price-quotations/poland/rzeszow-agrohurt
Poland,Rzeszow (Agrohurt),28.07.2026,lettuce decorative,0.63 €,0.84 €,psc,0.0%,https://www.fresh-market.info/price-quotations/poland/rzeszow-agrohurt
Poland,Rzeszow (Agrohurt),28.07.2026,lettuce iceberg,1.05 €,1.26 €,psc,+37.5%,https://www.fresh-market.info/price-quotations/poland/rzeszow-agrohurt
Poland,Rzeszow (Agrohurt),28.07.2026,limes,3.35 €,3.77 €,kg,0.0%,https://www.fresh-market.info/price-quotations/poland/rzeszow-agrohurt
Poland,Rzeszow (Agrohurt),28.07.2026,mandarins,1.47 €,1.68 €,kg,0.0%,https://www.fresh-market.info/price-quotations/poland/rzeszow-agrohurt
Poland,Rzeszow (Agrohurt),28.07.2026,mangoes,1.47 €,1.68 €,psc,0.0%,https://www.fresh-market.info/price-quotations/poland/rzeszow-agrohurt
Poland,Rzeszow (Agrohurt),28.07.2026,melons,2.09 €,3.14 €,psc,0.0%,https://www.fresh-market.info/price-quotations/poland/rzeszow-agrohurt
Poland,Rzeszow (Agrohurt),28.07.2026,mix salad,0.98 €,1.03 €,packaging 180 g,0.0%,https://www.fresh-market.info/price-quotations/poland/rzeszow-agrohurt
Poland,Rzeszow (Agrohurt),28.07.2026,mushrooms i,2.3 €,2.72 €,kg,0.0%,https://www.fresh-market.info/price-quotations/poland/rzeszow-agrohurt
Poland,Rzeszow (Agrohurt),28.07.2026,nectarine,2.09 €,2.51 €,kg,0.0%,https://www.fresh-market.info/price-quotations/poland/rzeszow-agrohurt
Poland,Rzeszow (Agrohurt),28.07.2026,nuts pistacjowe,9.42 €,11.52 €,kg,0.0%,https://www.fresh-market.info/price-quotations/poland/rzeszow-agrohurt
Poland,Rzeszow (Agrohurt),28.07.2026,nuts ziemne,2.3 €,2.51 €,kg,0.0%,https://www.fresh-market.info/price-quotations/poland/rzeszow-agrohurt
Poland,Rzeszow (Agrohurt),28.07.2026,onion,0.42 €,0.63 €,kg,0.0%,https://www.fresh-market.info/price-quotations/poland/rzeszow-agrohurt
Poland,Rzeszow (Agrohurt),28.07.2026,onion young,0.52 €,0.63 €,bunch,0.0%,https://www.fresh-market.info/price-quotations/poland/rzeszow-agrohurt
Poland,Rzeszow (Agrohurt),28.07.2026,oranges,1.26 €,1.68 €,kg,0.0%,https://www.fresh-market.info/price-quotations/poland/rzeszow-agrohurt
Poland,Rzeszow (Agrohurt),28.07.2026,parsley cut,1.26 €,1.68 €,kg,+27.3%,https://www.fresh-market.info/price-quotations/poland/rzeszow-agrohurt
Poland,Rzeszow (Agrohurt),28.07.2026,peach,2.09 €,2.51 €,kg,0.0%,https://www.fresh-market.info/price-quotations/poland/rzeszow-agrohurt
Poland,Rzeszow (Agrohurt),28.07.2026,pears,2.09 €,2.51 €,kg,0.0%,https://www.fresh-market.info/price-quotations/poland/rzeszow-agrohurt
Poland,Rzeszow (Agrohurt),28.07.2026,pepper red,3.35 €,4.19 €,kg,0.0%,https://www.fresh-market.info/price-quotations/poland/rzeszow-agrohurt
Poland,Rzeszow (Agrohurt),28.07.2026,pickled cucumbers,2.51 €,2.93 €,kg,0.0%,https://www.fresh-market.info/price-quotations/poland/rzeszow-agrohurt
Poland,Rzeszow (Agrohurt),28.07.2026,pineapple,1.68 €,2.09 €,psc,0.0%,https://www.fresh-market.info/price-quotations/poland/rzeszow-agrohurt
Poland,Rzeszow (Agrohurt),28.07.2026,plum,2.72 €,3.14 €,kg,0.0%,https://www.fresh-market.info/price-quotations/poland/rzeszow-agrohurt
Poland,Rzeszow (Agrohurt),28.07.2026,plum kalifornijska,2.93 €,4.19 €,kg,0.0%,https://www.fresh-market.info/price-quotations/poland/rzeszow-agrohurt
Poland,Rzeszow (Agrohurt),28.07.2026,pomegranates,1.47 €,1.68 €,psc,0.0%,https://www.fresh-market.info/price-quotations/poland/rzeszow-agrohurt
Poland,Rzeszow (Agrohurt),28.07.2026,pomelo,0.94 €,1.05 €,psc,0.0%,https://www.fresh-market.info/price-quotations/poland/rzeszow-agrohurt
Poland,Rzeszow (Agrohurt),28.07.2026,potatoes,0.31 €,0.52 €,kg,0.0%,https://www.fresh-market.info/price-quotations/poland/rzeszow-agrohurt
Poland,Rzeszow (Agrohurt),28.07.2026,potatoes early,0.31 €,0.52 €,kg,0.0%,https://www.fresh-market.info/price-quotations/poland/rzeszow-agrohurt
Poland,Rzeszow (Agrohurt),28.07.2026,pumpkin,1.47 €,2.09 €,kg,0.0%,https://www.fresh-market.info/price-quotations/poland/rzeszow-agrohurt
Poland,Rzeszow (Agrohurt),28.07.2026,radish,0.42 €,0.52 €,bunch,0.0%,https://www.fresh-market.info/price-quotations/poland/rzeszow-agrohurt
Poland,Rzeszow (Agrohurt),28.07.2026,radish white,1.26 €,1.47 €,kg,0.0%,https://www.fresh-market.info/price-quotations/poland/rzeszow-agrohurt
Poland,Rzeszow (Agrohurt),28.07.2026,raisins,2.09 €,2.3 €,kg,0.0%,https://www.fresh-market.info/price-quotations/poland/rzeszow-agrohurt
Poland,Rzeszow (Agrohurt),28.07.2026,raisins królewskie,4.82 €,5.45 €,kg,0.0%,https://www.fresh-market.info/price-quotations/poland/rzeszow-agrohurt
Poland,Rzeszow (Agrohurt),28.07.2026,raspberries,7.33 €,8.38 €,kg,0.0%,https://www.fresh-market.info/price-quotations/poland/rzeszow-agrohurt
Poland,Rzeszow (Agrohurt),28.07.2026,raspberry tomatoes,1.26 €,1.47 €,kg,0.0%,https://www.fresh-market.info/price-quotations/poland/rzeszow-agrohurt
Poland,Rzeszow (Agrohurt),28.07.2026,red onion,1.05 €,1.26 €,kg,0.0%,https://www.fresh-market.info/price-quotations/poland/rzeszow-agrohurt
Poland,Rzeszow (Agrohurt),28.07.2026,rhubarb,1.68 €,2.09 €,kg,0.0%,https://www.fresh-market.info/price-quotations/poland/rzeszow-agrohurt
Poland,Rzeszow (Agrohurt),28.07.2026,roszpunka,1.15 €,1.26 €,100 g,0.0%,https://www.fresh-market.info/price-quotations/poland/rzeszow-agrohurt
Poland,Rzeszow (Agrohurt),28.07.2026,sauerkraut,10.47 €,11.52 €,bucket - 10 kg,0.0%,https://www.fresh-market.info/price-quotations/poland/rzeszow-agrohurt
Poland,Rzeszow (Agrohurt),28.07.2026,savoy cabbage,1.05 €,1.68 €,psc,0.0%,https://www.fresh-market.info/price-quotations/poland/rzeszow-agrohurt
Poland,Rzeszow (Agrohurt),28.07.2026,spring onion,0.31 €,0.42 €,bunch,0.0%,https://www.fresh-market.info/price-quotations/poland/rzeszow-agrohurt
Poland,Rzeszow (Agrohurt),28.07.2026,strawberries,3.77 €,4.61 €,kg,0.0%,https://www.fresh-market.info/price-quotations/poland/rzeszow-agrohurt
Poland,Rzeszow (Agrohurt),28.07.2026,sweet cherry,3.14 €,3.77 €,kg,0.0%,https://www.fresh-market.info/price-quotations/poland/rzeszow-agrohurt
Poland,Rzeszow (Agrohurt),28.07.2026,tomatoes,1.05 €,1.26 €,kg,0.0%,https://www.fresh-market.info/price-quotations/poland/rzeszow-agrohurt
Poland,Rzeszow (Agrohurt),28.07.2026,walnuts,4.61 €,5.45 €,kg,0.0%,https://www.fresh-market.info/price-quotations/poland/rzeszow-agrohurt
Poland,Rzeszow (Agrohurt),28.07.2026,watermelon,0.63 €,1.05 €,kg,0.0%,https://www.fresh-market.info/price-quotations/poland/rzeszow-agrohurt
Poland,Rzeszow (Agrohurt),28.07.2026,young beet,0.73 €,1.05 €,bunch,0.0%,https://www.fresh-market.info/price-quotations/poland/rzeszow-agrohurt
Poland,Rzeszow (Agrohurt),28.07.2026,zucchini,0.63 €,1.05 €,kg,0.0%,https://www.fresh-market.info/price-quotations/poland/rzeszow-agrohurt
Poland,Sandomierz,30.07.2026,Early leeks,0.42 €,0.63 €,psc,0.0%,https://www.fresh-market.info/price-quotations/poland/sandomierz
Poland,Sandomierz,30.07.2026,apple Champion,0.34 €,0.38 €,kg,0.0%,https://www.fresh-market.info/price-quotations/poland/sandomierz
Poland,Sandomierz,30.07.2026,apple Golden,0.34 €,0.38 €,kg,0.0%,https://www.fresh-market.info/price-quotations/poland/sandomierz
Poland,Sandomierz,30.07.2026,apple Ligol,0.38 €,0.38 €,kg,0.0%,https://www.fresh-market.info/price-quotations/poland/sandomierz
Poland,Sandomierz,30.07.2026,apple Lobo,0.48 €,0.48 €,kg,0.0%,https://www.fresh-market.info/price-quotations/poland/sandomierz
Poland,Sandomierz,30.07.2026,apple astramel,3.14 €,0.69 €,,0.0%,https://www.fresh-market.info/price-quotations/poland/sandomierz
Poland,Sandomierz,30.07.2026,apple eliza,0.34 €,0.38 €,kg,0.0%,https://www.fresh-market.info/price-quotations/poland/sandomierz
Poland,Sandomierz,30.07.2026,apple genewa,4.19 €,0.63 €,,0.0%,https://www.fresh-market.info/price-quotations/poland/sandomierz
Poland,Sandomierz,30.07.2026,apple grey reinette,0.42 €,0.42 €,kg,0.0%,https://www.fresh-market.info/price-quotations/poland/sandomierz
Poland,Sandomierz,30.07.2026,apple july -red,3.14 €,0.69 €,,0.0%,https://www.fresh-market.info/price-quotations/poland/sandomierz
Poland,Sandomierz,30.07.2026,apple july red,0.69 €,0.84 €,kg,0.0%,https://www.fresh-market.info/price-quotations/poland/sandomierz
Poland,Sandomierz,30.07.2026,apple papierówka,3.14 €,0.69 €,,0.0%,https://www.fresh-market.info/price-quotations/poland/sandomierz
Poland,Sandomierz,30.07.2026,apple piros,3.14 €,0.69 €,,0.0%,https://www.fresh-market.info/price-quotations/poland/sandomierz
Poland,Sandomierz,30.07.2026,apricot,3.77 €,0.8 €,,0.0%,https://www.fresh-market.info/price-quotations/poland/sandomierz
Poland,Sandomierz,30.07.2026,apricot Poland,0.8 €,1.05 €,kg,0.0%,https://www.fresh-market.info/price-quotations/poland/sandomierz
Poland,Sandomierz,30.07.2026,avocado,1.11 €,1.26 €,psc,0.0%,https://www.fresh-market.info/price-quotations/poland/sandomierz
Poland,Sandomierz,30.07.2026,banana,0.69 €,0.94 €,kg,0.0%,https://www.fresh-market.info/price-quotations/poland/sandomierz
Poland,Sandomierz,30.07.2026,been asparagus green,3.14 €,3.14 €,kg,0.0%,https://www.fresh-market.info/price-quotations/poland/sandomierz
Poland,Sandomierz,30.07.2026,been asparagus yellow,2.51 €,2.51 €,kg,0.0%,https://www.fresh-market.info/price-quotations/poland/sandomierz
Poland,Sandomierz,30.07.2026,been jaś piękny,6.28 €,6.28 €,kg,0.0%,https://www.fresh-market.info/price-quotations/poland/sandomierz
Poland,Sandomierz,30.07.2026,been korczyński,2.51 €,2.72 €,kg,0.0%,https://www.fresh-market.info/price-quotations/poland/sandomierz
Poland,Sandomierz,30.07.2026,been perełka,2.93 €,3.14 €,kg,0.0%,https://www.fresh-market.info/price-quotations/poland/sandomierz
Poland,Sandomierz,30.07.2026,beet table long,0.21 €,0.25 €,kg,0.0%,https://www.fresh-market.info/price-quotations/poland/sandomierz
Poland,Sandomierz,30.07.2026,beet table round,0.21 €,0.25 €,kg,0.0%,https://www.fresh-market.info/price-quotations/poland/sandomierz
Poland,Sandomierz,30.07.2026,berry,0 €,6.28 €,,0.0%,https://www.fresh-market.info/price-quotations/poland/sandomierz
Poland,Sandomierz,30.07.2026,blackberry black,0.21 €,4.19 €,,0.0%,https://www.fresh-market.info/price-quotations/poland/sandomierz
Poland,Sandomierz,30.07.2026,blueberry,0.21 €,2.72 €,,0.0%,https://www.fresh-market.info/price-quotations/poland/sandomierz
Poland,Sandomierz,30.07.2026,blueberry American,2.72 €,3.14 €,kg,0.0%,https://www.fresh-market.info/price-quotations/poland/sandomierz
Poland,Sandomierz,30.07.2026,broad bean,0.21 €,2.51 €,,0.0%,https://www.fresh-market.info/price-quotations/poland/sandomierz
Poland,Sandomierz,30.07.2026,broccoli,0.42 €,0.63 €,psc,0.0%,https://www.fresh-market.info/price-quotations/poland/sandomierz
Poland,Sandomierz,30.07.2026,brussels sprouts,1.47 €,1.47 €,kg,0.0%,https://www.fresh-market.info/price-quotations/poland/sandomierz
Poland,Sandomierz,30.07.2026,cabbage czerwona-,0.42 €,0.42 €,sack,0.0%,https://www.fresh-market.info/price-quotations/poland/sandomierz
Poland,Sandomierz,30.07.2026,cabbage red young,0.63 €,0.63 €,psc,0.0%,https://www.fresh-market.info/price-quotations/poland/sandomierz
Poland,Sandomierz,30.07.2026,cabbage young Poland,0.42 €,0.42 €,psc,0.0%,https://www.fresh-market.info/price-quotations/poland/sandomierz
Poland,Sandomierz,30.07.2026,carrots young,0.42 €,0.42 €,kg,0.0%,https://www.fresh-market.info/price-quotations/poland/sandomierz
Poland,Sandomierz,30.07.2026,cauliflower,0 €,0.63 €,,0.0%,https://www.fresh-market.info/price-quotations/poland/sandomierz
Poland,Sandomierz,30.07.2026,celery - early,0.84 €,1.05 €,kg,0.0%,https://www.fresh-market.info/price-quotations/poland/sandomierz
Poland,Sandomierz,30.07.2026,cherry,0.21 €,1.38 €,,0.0%,https://www.fresh-market.info/price-quotations/poland/sandomierz
Poland,Sandomierz,30.07.2026,chinese cabbage,0.63 €,0.63 €,psc,0.0%,https://www.fresh-market.info/price-quotations/poland/sandomierz
Poland,Sandomierz,30.07.2026,chives,0.31 €,0.31 €,bunch,0.0%,https://www.fresh-market.info/price-quotations/poland/sandomierz
Poland,Sandomierz,30.07.2026,cranberry,4.82 €,5.24 €,kg,0.0%,https://www.fresh-market.info/price-quotations/poland/sandomierz
Poland,Sandomierz,30.07.2026,cucumber foliowy,2.09 €,0.42 €,,0.0%,https://www.fresh-market.info/price-quotations/poland/sandomierz
Poland,Sandomierz,30.07.2026,cucumbers,2.09 €,0.63 €,,0.0%,https://www.fresh-market.info/price-quotations/poland/sandomierz
Poland,Sandomierz,30.07.2026,currant black,0.21 €,3.14 €,,0.0%,https://www.fresh-market.info/price-quotations/poland/sandomierz
Poland,Sandomierz,30.07.2026,currant red,0.21 €,1.05 €,,0.0%,https://www.fresh-market.info/price-quotations/poland/sandomierz
Poland,Sandomierz,30.07.2026,dill,0.27 €,0.31 €,bunch,0.0%,https://www.fresh-market.info/price-quotations/poland/sandomierz
Poland,Sandomierz,30.07.2026,eggplant,0.21 €,0.84 €,,0.0%,https://www.fresh-market.info/price-quotations/poland/sandomierz
Poland,Sandomierz,30.07.2026,garlic,0.17 €,0.31 €,psc,0.0%,https://www.fresh-market.info/price-quotations/poland/sandomierz
Poland,Sandomierz,30.07.2026,gooseberry,0.21 €,0.21 €,,0.0%,https://www.fresh-market.info/price-quotations/poland/sandomierz
Poland,Sandomierz,30.07.2026,grape red import,3.14 €,3.14 €,kg,0.0%,https://www.fresh-market.info/price-quotations/poland/sandomierz
Poland,Sandomierz,30.07.2026,grape white -import,2.09 €,2.51 €,kg,0.0%,https://www.fresh-market.info/price-quotations/poland/sandomierz
Poland,Sandomierz,30.07.2026,grapefruit green,1.47 €,1.47 €,kg,0.0%,https://www.fresh-market.info/price-quotations/poland/sandomierz
Poland,Sandomierz,30.07.2026,grapefruit rose,1.15 €,1.26 €,kg,0.0%,https://www.fresh-market.info/price-quotations/poland/sandomierz
Poland,Sandomierz,30.07.2026,hazelnut,2.3 €,2.93 €,kg,0.0%,https://www.fresh-market.info/price-quotations/poland/sandomierz
Poland,Sandomierz,30.07.2026,honeysuckle,0.21 €,0.21 €,,0.0%,https://www.fresh-market.info/price-quotations/poland/sandomierz
Poland,Sandomierz,30.07.2026,horseradish,2.51 €,3.14 €,kg,0.0%,https://www.fresh-market.info/price-quotations/poland/sandomierz
Poland,Sandomierz,30.07.2026,kiwi-import,2.41 €,2.93 €,kg,0.0%,https://www.fresh-market.info/price-quotations/poland/sandomierz
Poland,Sandomierz,30.07.2026,kohlrabi,0 €,0.31 €,,0.0%,https://www.fresh-market.info/price-quotations/poland/sandomierz
Poland,Sandomierz,30.07.2026,lemon -import,1.36 €,1.88 €,kg,0.0%,https://www.fresh-market.info/price-quotations/poland/sandomierz
Poland,Sandomierz,30.07.2026,lettuce butterhead,0.52 €,0.52 €,psc,0.0%,https://www.fresh-market.info/price-quotations/poland/sandomierz
Poland,Sandomierz,30.07.2026,lettuce corrugated,0.63 €,0.63 €,psc,0.0%,https://www.fresh-market.info/price-quotations/poland/sandomierz
Poland,Sandomierz,30.07.2026,lettuce iceberg,1.17 €,1.17 €,psc,0.0%,https://www.fresh-market.info/price-quotations/poland/sandomierz
Poland,Sandomierz,30.07.2026,lettuce roman,1.05 €,1.15 €,psc,0.0%,https://www.fresh-market.info/price-quotations/poland/sandomierz
Poland,Sandomierz,30.07.2026,lime,3.14 €,3.14 €,kg,0.0%,https://www.fresh-market.info/price-quotations/poland/sandomierz
Poland,Sandomierz,30.07.2026,mandarynki-import,1.32 €,1.47 €,kg,0.0%,https://www.fresh-market.info/price-quotations/poland/sandomierz
Poland,Sandomierz,30.07.2026,mango- import,1.05 €,1.05 €,psc,0.0%,https://www.fresh-market.info/price-quotations/poland/sandomierz
Poland,Sandomierz,30.07.2026,melon,1.21 €,1.21 €,psc,0.0%,https://www.fresh-market.info/price-quotations/poland/sandomierz
Poland,Sandomierz,30.07.2026,mushroom,2.03 €,2.72 €,kg,0.0%,https://www.fresh-market.info/price-quotations/poland/sandomierz
Poland,Sandomierz,30.07.2026,nectarine,3.14 €,1.11 €,,0.0%,https://www.fresh-market.info/price-quotations/poland/sandomierz
Poland,Sandomierz,30.07.2026,nectarine Poland,1.11 €,1.38 €,kg,0.0%,https://www.fresh-market.info/price-quotations/poland/sandomierz
Poland,Sandomierz,30.07.2026,onion red young,0.84 €,0.84 €,kg,0.0%,https://www.fresh-market.info/price-quotations/poland/sandomierz
Poland,Sandomierz,30.07.2026,onion sweet,1.05 €,1.05 €,,0.0%,https://www.fresh-market.info/price-quotations/poland/sandomierz
Poland,Sandomierz,30.07.2026,onion white,0.21 €,0.25 €,kg,0.0%,https://www.fresh-market.info/price-quotations/poland/sandomierz
Poland,Sandomierz,30.07.2026,onion white young,0.42 €,0.52 €,kg,0.0%,https://www.fresh-market.info/price-quotations/poland/sandomierz
Poland,Sandomierz,30.07.2026,oranges -import,0.63 €,1.26 €,kg,0.0%,https://www.fresh-market.info/price-quotations/poland/sandomierz
Poland,Sandomierz,30.07.2026,parsley leaves,0.27 €,0.27 €,bunch,0.0%,https://www.fresh-market.info/price-quotations/poland/sandomierz
Poland,Sandomierz,30.07.2026,parsley root,0.63 €,0.63 €,kg,0.0%,https://www.fresh-market.info/price-quotations/poland/sandomierz
Poland,Sandomierz,30.07.2026,pattypan,0 €,0.63 €,,0.0%,https://www.fresh-market.info/price-quotations/poland/sandomierz
Poland,Sandomierz,30.07.2026,peach,3.14 €,0.69 €,,0.0%,https://www.fresh-market.info/price-quotations/poland/sandomierz
Poland,Sandomierz,30.07.2026,pear import,1.57 €,1.68 €,kg,0.0%,https://www.fresh-market.info/price-quotations/poland/sandomierz
Poland,Sandomierz,30.07.2026,pepper green,1.05 €,1.26 €,kg,0.0%,https://www.fresh-market.info/price-quotations/poland/sandomierz
Poland,Sandomierz,30.07.2026,pepper red,1.68 €,1.68 €,kg,0.0%,https://www.fresh-market.info/price-quotations/poland/sandomierz
Poland,Sandomierz,30.07.2026,pineapple -import,1.4 €,2.51 €,psc,0.0%,https://www.fresh-market.info/price-quotations/poland/sandomierz
Poland,Sandomierz,30.07.2026,plum damson,4.19 €,0.52 €,,0.0%,https://www.fresh-market.info/price-quotations/poland/sandomierz
Poland,Sandomierz,30.07.2026,plum diana,4.19 €,0.84 €,,0.0%,https://www.fresh-market.info/price-quotations/poland/sandomierz
Poland,Sandomierz,30.07.2026,plum erli -blu,0.63 €,0.63 €,kg,0.0%,https://www.fresh-market.info/price-quotations/poland/sandomierz
Poland,Sandomierz,30.07.2026,plum erli blu,4.19 €,0.63 €,,0.0%,https://www.fresh-market.info/price-quotations/poland/sandomierz
Poland,Sandomierz,30.07.2026,plum herman,4.19 €,0.42 €,,0.0%,https://www.fresh-market.info/price-quotations/poland/sandomierz
Poland,Sandomierz,30.07.2026,plum kalipsa,4.19 €,0.52 €,,0.0%,https://www.fresh-market.info/price-quotations/poland/sandomierz
Poland,Sandomierz,30.07.2026,plum katinka,4.19 €,0.52 €,,0.0%,https://www.fresh-market.info/price-quotations/poland/sandomierz
Poland,Sandomierz,30.07.2026,plum kometa,4.19 €,0.52 €,,0.0%,https://www.fresh-market.info/price-quotations/poland/sandomierz
Poland,Sandomierz,30.07.2026,plum labotika,4.19 €,0.52 €,,0.0%,https://www.fresh-market.info/price-quotations/poland/sandomierz
Poland,Sandomierz,30.07.2026,plum rana,4.19 €,0.63 €,,0.0%,https://www.fresh-market.info/price-quotations/poland/sandomierz
Poland,Sandomierz,30.07.2026,plum różowa- import,1.68 €,2.3 €,kg,0.0%,https://www.fresh-market.info/price-quotations/poland/sandomierz
Poland,Sandomierz,30.07.2026,plum sylwia,4.19 €,0.84 €,,0.0%,https://www.fresh-market.info/price-quotations/poland/sandomierz
Poland,Sandomierz,30.07.2026,plum tegera,4.19 €,0.73 €,,0.0%,https://www.fresh-market.info/price-quotations/poland/sandomierz
Poland,Sandomierz,30.07.2026,plum żółta- import,1.57 €,2.3 €,kg,0.0%,https://www.fresh-market.info/price-quotations/poland/sandomierz
Poland,Sandomierz,30.07.2026,pomegranate,1.05 €,1.26 €,psc,0.0%,https://www.fresh-market.info/price-quotations/poland/sandomierz
Poland,Sandomierz,30.07.2026,potato early,3.14 €,0.13 €,,0.0%,https://www.fresh-market.info/price-quotations/poland/sandomierz
Poland,Sandomierz,30.07.2026,potato early domestic,0.13 €,0.17 €,kg,0.0%,https://www.fresh-market.info/price-quotations/poland/sandomierz
Poland,Sandomierz,30.07.2026,pumpkin seeds,4.4 €,4.4 €,kg,0.0%,https://www.fresh-market.info/price-quotations/poland/sandomierz
Poland,Sandomierz,30.07.2026,radish,0.42 €,0.42 €,bunch,0.0%,https://www.fresh-market.info/price-quotations/poland/sandomierz
Poland,Sandomierz,30.07.2026,raspberries,6.28 €,6.28 €,kg,0.0%,https://www.fresh-market.info/price-quotations/poland/sandomierz
Poland,Sandomierz,30.07.2026,raspberry,0.21 €,6.28 €,,0.0%,https://www.fresh-market.info/price-quotations/poland/sandomierz
Poland,Sandomierz,30.07.2026,rhubarb,1.26 €,1.47 €,kg,0.0%,https://www.fresh-market.info/price-quotations/poland/sandomierz
Poland,Sandomierz,30.07.2026,savoy cabbage,0.63 €,1.05 €,psc,0.0%,https://www.fresh-market.info/price-quotations/poland/sandomierz
Poland,Sandomierz,30.07.2026,strawberry,0.21 €,2.62 €,,0.0%,https://www.fresh-market.info/price-quotations/poland/sandomierz
Poland,Sandomierz,30.07.2026,strawberry Poland,2.62 €,4.19 €,kg,0.0%,https://www.fresh-market.info/price-quotations/poland/sandomierz
Poland,Sandomierz,30.07.2026,sweet cherry,3.14 €,1.68 €,,0.0%,https://www.fresh-market.info/price-quotations/poland/sandomierz
Poland,Sandomierz,30.07.2026,tomato lima,1.26 €,1.26 €,kg,0.0%,https://www.fresh-market.info/price-quotations/poland/sandomierz
Poland,Sandomierz,30.07.2026,tomato raspberry,0.96 €,1.26 €,kg,0.0%,https://www.fresh-market.info/price-quotations/poland/sandomierz
Poland,Sandomierz,30.07.2026,tomato red zwykły,0.96 €,1.26 €,kg,0.0%,https://www.fresh-market.info/price-quotations/poland/sandomierz
Poland,Sandomierz,30.07.2026,walnut,1.05 €,1.05 €,kg,0.0%,https://www.fresh-market.info/price-quotations/poland/sandomierz
Poland,Sandomierz,30.07.2026,watermelon,0.38 €,0.42 €,psc,0.0%,https://www.fresh-market.info/price-quotations/poland/sandomierz
Poland,Sandomierz,30.07.2026,yellow pepper,1.68 €,1.88 €,kg,0.0%,https://www.fresh-market.info/price-quotations/poland/sandomierz
Poland,Sandomierz,30.07.2026,zucchini,0.34 €,0.42 €,kg,0.0%,https://www.fresh-market.info/price-quotations/poland/sandomierz
Poland,Wroclaw (DCHRS),07.11.2025,anturium domestic,1.05 €,1.26 €,psc,-1.8%,https://www.fresh-market.info/price-quotations/poland/wroclaw-dchrs
Poland,Wroclaw (DCHRS),07.11.2025,anturium importowane,1.05 €,2.09 €,psc,+8.7%,https://www.fresh-market.info/price-quotations/poland/wroclaw-dchrs
Poland,Wroclaw (DCHRS),07.11.2025,falenopsis domestic,5.24 €,8.38 €,psc,+1.6%,https://www.fresh-market.info/price-quotations/poland/wroclaw-dchrs
Poland,Wroclaw (DCHRS),07.11.2025,falenopsis importowany,6.28 €,11.52 €,psc,-2.3%,https://www.fresh-market.info/price-quotations/poland/wroclaw-dchrs
Poland,Wroclaw (DCHRS),07.11.2025,freesia domestic,0.29 €,0.52 €,psc,-2.5%,https://www.fresh-market.info/price-quotations/poland/wroclaw-dchrs
Poland,Wroclaw (DCHRS),07.11.2025,gerbera minaturowa domestic,0.23 €,0.34 €,psc,-15.6%,https://www.fresh-market.info/price-quotations/poland/wroclaw-dchrs
Poland,Wroclaw (DCHRS),07.11.2025,gerbera wielkokwiatowa domestic,0.29 €,0.42 €,psc,+13.3%,https://www.fresh-market.info/price-quotations/poland/wroclaw-dchrs
Poland,Wroclaw (DCHRS),07.11.2025,iris domestic,0.42 €,0.42 €,psc,0.0%,https://www.fresh-market.info/price-quotations/poland/wroclaw-dchrs
Poland,Wroclaw (DCHRS),07.11.2025,iris importowany,0.34 €,0.34 €,psc,-33.3%,https://www.fresh-market.info/price-quotations/poland/wroclaw-dchrs
Poland,Wroclaw (DCHRS),07.11.2025,lily domestic,0.84 €,1.88 €,psc,+18.2%,https://www.fresh-market.info/price-quotations/poland/wroclaw-dchrs
Poland,Wroclaw (DCHRS),07.11.2025,lily importowana,1.05 €,1.88 €,psc,+7.7%,https://www.fresh-market.info/price-quotations/poland/wroclaw-dchrs
Poland,Wroclaw (DCHRS),07.11.2025,lisianthus importowana,1.26 €,1.68 €,psc,0.0%,https://www.fresh-market.info/price-quotations/poland/wroclaw-dchrs
Poland,Wroclaw (DCHRS),07.11.2025,tulip domestic,0.5 €,0.5 €,psc,-4.0%,https://www.fresh-market.info/price-quotations/poland/wroclaw-dchrs
Poland,Wroclaw (Targpiast),30.07.2026,Jaś Karłowy runner bean (medium),2.09 €,2.51 €,kg,0.0%,https://www.fresh-market.info/price-quotations/poland/wroclaw-targpiast
Poland,Wroclaw (Targpiast),30.07.2026,Jaś Karłowy runner bean large (Poland),5.45 €,6.07 €,kg,0.0%,https://www.fresh-market.info/price-quotations/poland/wroclaw-targpiast
Poland,Wroclaw (Targpiast),30.07.2026,Shelling peas,0.84 €,1.05 €,kg,0.0%,https://www.fresh-market.info/price-quotations/poland/wroclaw-targpiast
Poland,Wroclaw (Targpiast),30.07.2026,almond,7.75 €,8.59 €,kg,0.0%,https://www.fresh-market.info/price-quotations/poland/wroclaw-targpiast
Poland,Wroclaw (Targpiast),30.07.2026,apple domestic,0.63 €,1.26 €,kg,0.0%,https://www.fresh-market.info/price-quotations/poland/wroclaw-targpiast
Poland,Wroclaw (Targpiast),30.07.2026,apricot,0.84 €,1.68 €,kg,-14.3%,https://www.fresh-market.info/price-quotations/poland/wroclaw-targpiast
Poland,Wroclaw (Targpiast),30.07.2026,avocado,1.05 €,1.57 €,psc,0.0%,https://www.fresh-market.info/price-quotations/poland/wroclaw-targpiast
Poland,Wroclaw (Targpiast),30.07.2026,bób,1.36 €,1.57 €,"0,5kg",+3.7%,https://www.fresh-market.info/price-quotations/poland/wroclaw-targpiast
Poland,Wroclaw (Targpiast),30.07.2026,bananas,0.84 €,1.78 €,kg,0.0%,https://www.fresh-market.info/price-quotations/poland/wroclaw-targpiast
Poland,Wroclaw (Targpiast),30.07.2026,beans small,1.88 €,2.3 €,kg,0.0%,https://www.fresh-market.info/price-quotations/poland/wroclaw-targpiast
Poland,Wroclaw (Targpiast),30.07.2026,been asparagus,1.26 €,2.09 €,kg,-5.9%,https://www.fresh-market.info/price-quotations/poland/wroclaw-targpiast
Poland,Wroclaw (Targpiast),30.07.2026,beet greens,0.42 €,0.73 €,bunch,0.0%,https://www.fresh-market.info/price-quotations/poland/wroclaw-targpiast
Poland,Wroclaw (Targpiast),30.07.2026,beetroots,0.21 €,0.31 €,kg,0.0%,https://www.fresh-market.info/price-quotations/poland/wroclaw-targpiast
Poland,Wroclaw (Targpiast),30.07.2026,berry,6.49 €,7.12 €,kg,-5.1%,https://www.fresh-market.info/price-quotations/poland/wroclaw-targpiast
Poland,Wroclaw (Targpiast),30.07.2026,blackberry,1.47 €,1.68 €,250g,-40.0%,https://www.fresh-market.info/price-quotations/poland/wroclaw-targpiast
Poland,Wroclaw (Targpiast),30.07.2026,borówka American,2.72 €,3.77 €,kg,-32.6%,https://www.fresh-market.info/price-quotations/poland/wroclaw-targpiast
Poland,Wroclaw (Targpiast),30.07.2026,broccoli,1.05 €,1.36 €,psc,+21.1%,https://www.fresh-market.info/price-quotations/poland/wroclaw-targpiast
Poland,Wroclaw (Targpiast),30.07.2026,brussels sprouts,1.26 €,1.68 €,kg,0.0%,https://www.fresh-market.info/price-quotations/poland/wroclaw-targpiast
Poland,Wroclaw (Targpiast),30.07.2026,cabbage red,0.21 €,0.42 €,kg,0.0%,https://www.fresh-market.info/price-quotations/poland/wroclaw-targpiast
Poland,Wroclaw (Targpiast),30.07.2026,cabbage savoy domestic,1.26 €,1.68 €,psc,0.0%,https://www.fresh-market.info/price-quotations/poland/wroclaw-targpiast
Poland,Wroclaw (Targpiast),30.07.2026,cabbage white,0.63 €,0.73 €,psc,0.0%,https://www.fresh-market.info/price-quotations/poland/wroclaw-targpiast
Poland,Wroclaw (Targpiast),30.07.2026,cabbage white fresh-grown,0.52 €,0.73 €,psc,0.0%,https://www.fresh-market.info/price-quotations/poland/wroclaw-targpiast
Poland,Wroclaw (Targpiast),30.07.2026,carrots,0.38 €,0.42 €,kg,0.0%,https://www.fresh-market.info/price-quotations/poland/wroclaw-targpiast
Poland,Wroclaw (Targpiast),30.07.2026,carrots import,0.63 €,0.73 €,kg,0.0%,https://www.fresh-market.info/price-quotations/poland/wroclaw-targpiast
Poland,Wroclaw (Targpiast),30.07.2026,carrots young with greens,0.52 €,0.73 €,bunch,0.0%,https://www.fresh-market.info/price-quotations/poland/wroclaw-targpiast
Poland,Wroclaw (Targpiast),30.07.2026,cauliflower,1.05 €,1.47 €,psc,-7.7%,https://www.fresh-market.info/price-quotations/poland/wroclaw-targpiast
Poland,Wroclaw (Targpiast),30.07.2026,celery,0.42 €,0.57 €,kg,0.0%,https://www.fresh-market.info/price-quotations/poland/wroclaw-targpiast
Poland,Wroclaw (Targpiast),30.07.2026,cherry,2.09 €,3.35 €,kg,0.0%,https://www.fresh-market.info/price-quotations/poland/wroclaw-targpiast
Poland,Wroclaw (Targpiast),30.07.2026,chinese cabbage,0.52 €,0.73 €,kg,0.0%,https://www.fresh-market.info/price-quotations/poland/wroclaw-targpiast
Poland,Wroclaw (Targpiast),30.07.2026,chives,0.31 €,0.38 €,bunch,0.0%,https://www.fresh-market.info/price-quotations/poland/wroclaw-targpiast
Poland,Wroclaw (Targpiast),30.07.2026,chives with cebulką,0.42 €,0.59 €,bunch,0.0%,https://www.fresh-market.info/price-quotations/poland/wroclaw-targpiast
Poland,Wroclaw (Targpiast),30.07.2026,corn,0.25 €,0.34 €,psc,-53.3%,https://www.fresh-market.info/price-quotations/poland/wroclaw-targpiast
Poland,Wroclaw (Targpiast),30.07.2026,cranberry dried,5.03 €,5.65 €,kg,0.0%,https://www.fresh-market.info/price-quotations/poland/wroclaw-targpiast
Poland,Wroclaw (Targpiast),30.07.2026,currant black,4.82 €,6.28 €,kg,+15.2%,https://www.fresh-market.info/price-quotations/poland/wroclaw-targpiast
Poland,Wroclaw (Targpiast),30.07.2026,currant red,3.35 €,4.19 €,kg,+38.5%,https://www.fresh-market.info/price-quotations/poland/wroclaw-targpiast
Poland,Wroclaw (Targpiast),30.07.2026,currant white,4.82 €,5.45 €,kg,+88.5%,https://www.fresh-market.info/price-quotations/poland/wroclaw-targpiast
Poland,Wroclaw (Targpiast),30.07.2026,dill,0.21 €,0.31 €,bunch,0.0%,https://www.fresh-market.info/price-quotations/poland/wroclaw-targpiast
Poland,Wroclaw (Targpiast),30.07.2026,dill for pickling,0.42 €,0.52 €,bunch,+12.5%,https://www.fresh-market.info/price-quotations/poland/wroclaw-targpiast
Poland,Wroclaw (Targpiast),30.07.2026,dried apricot,12.57 €,13.82 €,kg,0.0%,https://www.fresh-market.info/price-quotations/poland/wroclaw-targpiast
Poland,Wroclaw (Targpiast),30.07.2026,eggplant,0.94 €,1.26 €,kg,0.0%,https://www.fresh-market.info/price-quotations/poland/wroclaw-targpiast
Poland,Wroclaw (Targpiast),30.07.2026,flat-leaf parsley,0.25 €,0.31 €,bunch,0.0%,https://www.fresh-market.info/price-quotations/poland/wroclaw-targpiast
Poland,Wroclaw (Targpiast),30.07.2026,garlic,0.21 €,0.52 €,główka,0.0%,https://www.fresh-market.info/price-quotations/poland/wroclaw-targpiast
Poland,Wroclaw (Targpiast),30.07.2026,ginger,3.77 €,4.19 €,kg,0.0%,https://www.fresh-market.info/price-quotations/poland/wroclaw-targpiast
Poland,Wroclaw (Targpiast),30.07.2026,gooseberry green,4.19 €,5.03 €,250g,+63.0%,https://www.fresh-market.info/price-quotations/poland/wroclaw-targpiast
Poland,Wroclaw (Targpiast),30.07.2026,gooseberry red,4.19 €,5.03 €,kg,+63.0%,https://www.fresh-market.info/price-quotations/poland/wroclaw-targpiast
Poland,Wroclaw (Targpiast),30.07.2026,grapefruits red,1.26 €,2.09 €,kg,0.0%,https://www.fresh-market.info/price-quotations/poland/wroclaw-targpiast
Poland,Wroclaw (Targpiast),30.07.2026,grapes red,3.14 €,4.19 €,kg,0.0%,https://www.fresh-market.info/price-quotations/poland/wroclaw-targpiast
Poland,Wroclaw (Targpiast),30.07.2026,grapes white,5.24 €,6.28 €,kg,0.0%,https://www.fresh-market.info/price-quotations/poland/wroclaw-targpiast
Poland,Wroclaw (Targpiast),30.07.2026,horseradish,3.14 €,3.77 €,kg,-8.3%,https://www.fresh-market.info/price-quotations/poland/wroclaw-targpiast
Poland,Wroclaw (Targpiast),30.07.2026,kale,0.63 €,0.84 €,250g,0.0%,https://www.fresh-market.info/price-quotations/poland/wroclaw-targpiast
Poland,Wroclaw (Targpiast),30.07.2026,kiwi,3.35 €,3.98 €,kg,0.0%,https://www.fresh-market.info/price-quotations/poland/wroclaw-targpiast
Poland,Wroclaw (Targpiast),30.07.2026,kohlrabi,0.31 €,0.52 €,psc,0.0%,https://www.fresh-market.info/price-quotations/poland/wroclaw-targpiast
Poland,Wroclaw (Targpiast),30.07.2026,leek domestic,0.21 €,0.42 €,psc,0.0%,https://www.fresh-market.info/price-quotations/poland/wroclaw-targpiast
Poland,Wroclaw (Targpiast),30.07.2026,lemon,1.36 €,1.99 €,kg,0.0%,https://www.fresh-market.info/price-quotations/poland/wroclaw-targpiast
Poland,Wroclaw (Targpiast),30.07.2026,lettuce,0.52 €,0.73 €,psc,0.0%,https://www.fresh-market.info/price-quotations/poland/wroclaw-targpiast
Poland,Wroclaw (Targpiast),30.07.2026,lettuce iceberg,0.63 €,0.73 €,psc,0.0%,https://www.fresh-market.info/price-quotations/poland/wroclaw-targpiast
Poland,Wroclaw (Targpiast),30.07.2026,lovage,0.21 €,0.42 €,bunch,0.0%,https://www.fresh-market.info/price-quotations/poland/wroclaw-targpiast
Poland,Wroclaw (Targpiast),30.07.2026,mandarins,1.36 €,2.51 €,kg,0.0%,https://www.fresh-market.info/price-quotations/poland/wroclaw-targpiast
Poland,Wroclaw (Targpiast),30.07.2026,melons green /żółty,1.47 €,2.09 €,psc,0.0%,https://www.fresh-market.info/price-quotations/poland/wroclaw-targpiast
Poland,Wroclaw (Targpiast),30.07.2026,mushrooms,1.78 €,2.2 €,kg,0.0%,https://www.fresh-market.info/price-quotations/poland/wroclaw-targpiast
Poland,Wroclaw (Targpiast),30.07.2026,mushrooms chanterelles,7.96 €,8.59 €,kg,-34.2%,https://www.fresh-market.info/price-quotations/poland/wroclaw-targpiast
Poland,Wroclaw (Targpiast),30.07.2026,nectarine,1.05 €,2.09 €,kg,-6.3%,https://www.fresh-market.info/price-quotations/poland/wroclaw-targpiast
Poland,Wroclaw (Targpiast),30.07.2026,nuts Italian unshelled,1.68 €,2.3 €,kg,0.0%,https://www.fresh-market.info/price-quotations/poland/wroclaw-targpiast
Poland,Wroclaw (Targpiast),30.07.2026,nuts brazylijskie,20.32 €,21.57 €,kg,0.0%,https://www.fresh-market.info/price-quotations/poland/wroclaw-targpiast
Poland,Wroclaw (Targpiast),30.07.2026,nuts hazel unshelled,3.14 €,3.56 €,kg,0.0%,https://www.fresh-market.info/price-quotations/poland/wroclaw-targpiast
Poland,Wroclaw (Targpiast),30.07.2026,nuts nerkowca,9.42 €,10.26 €,kg,0.0%,https://www.fresh-market.info/price-quotations/poland/wroclaw-targpiast
Poland,Wroclaw (Targpiast),30.07.2026,ogórki field,0.84 €,1.47 €,kg,0.0%,https://www.fresh-market.info/price-quotations/poland/wroclaw-targpiast
Poland,Wroclaw (Targpiast),30.07.2026,ogórki glasshouse,0.84 €,1.57 €,kg,-8.0%,https://www.fresh-market.info/price-quotations/poland/wroclaw-targpiast
Poland,Wroclaw (Targpiast),30.07.2026,ogórki pickled,1.47 €,2.3 €,kg,0.0%,https://www.fresh-market.info/price-quotations/poland/wroclaw-targpiast
Poland,Wroclaw (Targpiast),30.07.2026,onion,0.21 €,0.42 €,kg,0.0%,https://www.fresh-market.info/price-quotations/poland/wroclaw-targpiast
Poland,Wroclaw (Targpiast),30.07.2026,oranges,1.05 €,1.99 €,kg,0.0%,https://www.fresh-market.info/price-quotations/poland/wroclaw-targpiast
Poland,Wroclaw (Targpiast),30.07.2026,oyster mushrooms,2.93 €,3.56 €,kg,0.0%,https://www.fresh-market.info/price-quotations/poland/wroclaw-targpiast
Poland,Wroclaw (Targpiast),30.07.2026,parsley,0.42 €,0.84 €,kg,0.0%,https://www.fresh-market.info/price-quotations/poland/wroclaw-targpiast
Poland,Wroclaw (Targpiast),30.07.2026,peach,1.26 €,1.68 €,kg,-26.3%,https://www.fresh-market.info/price-quotations/poland/wroclaw-targpiast
Poland,Wroclaw (Targpiast),30.07.2026,pears domestic,0.63 €,1.26 €,kg,0.0%,https://www.fresh-market.info/price-quotations/poland/wroclaw-targpiast
Poland,Wroclaw (Targpiast),30.07.2026,peas unshelled,0.63 €,0.84 €,kg,0.0%,https://www.fresh-market.info/price-quotations/poland/wroclaw-targpiast
Poland,Wroclaw (Targpiast),30.07.2026,pepper chili,3.56 €,4.19 €,kg,0.0%,https://www.fresh-market.info/price-quotations/poland/wroclaw-targpiast
Poland,Wroclaw (Targpiast),30.07.2026,pepper green,0.84 €,1.26 €,kg,0.0%,https://www.fresh-market.info/price-quotations/poland/wroclaw-targpiast
Poland,Wroclaw (Targpiast),30.07.2026,pepper red,1.26 €,1.68 €,kg,-22.2%,https://www.fresh-market.info/price-quotations/poland/wroclaw-targpiast
Poland,Wroclaw (Targpiast),30.07.2026,pepper white rożek,1.05 €,1.26 €,kg,0.0%,https://www.fresh-market.info/price-quotations/poland/wroclaw-targpiast
Poland,Wroclaw (Targpiast),30.07.2026,pepper żółta,1.47 €,1.68 €,kg,-16.7%,https://www.fresh-market.info/price-quotations/poland/wroclaw-targpiast
Poland,Wroclaw (Targpiast),30.07.2026,pineapple,1.68 €,2.51 €,psc,0.0%,https://www.fresh-market.info/price-quotations/poland/wroclaw-targpiast
Poland,Wroclaw (Targpiast),30.07.2026,pistacje,11.31 €,12.78 €,kg,0.0%,https://www.fresh-market.info/price-quotations/poland/wroclaw-targpiast
Poland,Wroclaw (Targpiast),30.07.2026,plum,0.84 €,1.26 €,kg,-33.3%,https://www.fresh-market.info/price-quotations/poland/wroclaw-targpiast
Poland,Wroclaw (Targpiast),30.07.2026,potato early,0.21 €,0.31 €,kg,0.0%,https://www.fresh-market.info/price-quotations/poland/wroclaw-targpiast
Poland,Wroclaw (Targpiast),30.07.2026,potatoes domestic,0.13 €,0.17 €,kg,0.0%,https://www.fresh-market.info/price-quotations/poland/wroclaw-targpiast
Poland,Wroclaw (Targpiast),30.07.2026,pumpkin,0.84 €,1.26 €,kg,0.0%,https://www.fresh-market.info/price-quotations/poland/wroclaw-targpiast
Poland,Wroclaw (Targpiast),30.07.2026,pumpkin hokkaido,1.05 €,1.26 €,kg,0.0%,https://www.fresh-market.info/price-quotations/poland/wroclaw-targpiast
Poland,Wroclaw (Targpiast),30.07.2026,radish,0.38 €,0.46 €,bunch,0.0%,https://www.fresh-market.info/price-quotations/poland/wroclaw-targpiast
Poland,Wroclaw (Targpiast),30.07.2026,radish white import,0.63 €,1.05 €,kg,0.0%,https://www.fresh-market.info/price-quotations/poland/wroclaw-targpiast
Poland,Wroclaw (Targpiast),30.07.2026,raspberries,6.91 €,10.47 €,kg,+6.4%,https://www.fresh-market.info/price-quotations/poland/wroclaw-targpiast
Poland,Wroclaw (Targpiast),30.07.2026,red onion,0.42 €,0.63 €,kg,0.0%,https://www.fresh-market.info/price-quotations/poland/wroclaw-targpiast
Poland,Wroclaw (Targpiast),30.07.2026,rhubarb,1.15 €,1.47 €,kg,0.0%,https://www.fresh-market.info/price-quotations/poland/wroclaw-targpiast
Poland,Wroclaw (Targpiast),30.07.2026,sauerkraut,1.26 €,1.68 €,kg,0.0%,https://www.fresh-market.info/price-quotations/poland/wroclaw-targpiast
Poland,Wroclaw (Targpiast),30.07.2026,sorrel,0.42 €,0.63 €,bunch,0.0%,https://www.fresh-market.info/price-quotations/poland/wroclaw-targpiast
Poland,Wroclaw (Targpiast),30.07.2026,spinach,0.63 €,1.26 €,250g,-10.0%,https://www.fresh-market.info/price-quotations/poland/wroclaw-targpiast
Poland,Wroclaw (Targpiast),30.07.2026,spinach baby,0.84 €,1.05 €,100 gr,0.0%,https://www.fresh-market.info/price-quotations/poland/wroclaw-targpiast
Poland,Wroclaw (Targpiast),30.07.2026,stones dyni shelled,4.19 €,5.03 €,5 kg,0.0%,https://www.fresh-market.info/price-quotations/poland/wroclaw-targpiast
Poland,Wroclaw (Targpiast),30.07.2026,stones dyni unshelled,3.77 €,4.19 €,kg,0.0%,https://www.fresh-market.info/price-quotations/poland/wroclaw-targpiast
Poland,Wroclaw (Targpiast),30.07.2026,strawberries,4.19 €,5.45 €,kg,0.0%,https://www.fresh-market.info/price-quotations/poland/wroclaw-targpiast
Poland,Wroclaw (Targpiast),30.07.2026,sunflower,0.63 €,1.26 €,psc,-10.0%,https://www.fresh-market.info/price-quotations/poland/wroclaw-targpiast
Poland,Wroclaw (Targpiast),30.07.2026,sweet cherry,2.93 €,4.4 €,kg,0.0%,https://www.fresh-market.info/price-quotations/poland/wroclaw-targpiast
Poland,Wroclaw (Targpiast),30.07.2026,tomato lima (szklarnia),1.15 €,1.57 €,kg,0.0%,https://www.fresh-market.info/price-quotations/poland/wroclaw-targpiast
Poland,Wroclaw (Targpiast),30.07.2026,tomatoes,0.63 €,0.94 €,kg,0.0%,https://www.fresh-market.info/price-quotations/poland/wroclaw-targpiast
Poland,Wroclaw (Targpiast),30.07.2026,tomatoes rose,0.52 €,1.05 €,kg,0.0%,https://www.fresh-market.info/price-quotations/poland/wroclaw-targpiast
Poland,Wroclaw (Targpiast),30.07.2026,vegetables,0.63 €,1.26 €,psc,0.0%,https://www.fresh-market.info/price-quotations/poland/wroclaw-targpiast
Poland,Wroclaw (Targpiast),30.07.2026,walnut shelled,7.54 €,8.59 €,kg,0.0%,https://www.fresh-market.info/price-quotations/poland/wroclaw-targpiast
Poland,Wroclaw (Targpiast),30.07.2026,watermelon,0.73 €,1.15 €,kg,-14.3%,https://www.fresh-market.info/price-quotations/poland/wroclaw-targpiast
Poland,Wroclaw (Targpiast),30.07.2026,zucchini,0.42 €,0.73 €,kg,-26.7%,https://www.fresh-market.info/price-quotations/poland/wroclaw-targpiast
